time,cpu
2017-01-01 00:00:00,0.1221022
2017-01-01 01:00:00,0.1319263
2017-01-01 02:00:00,0.1445919
2017-01-01 03:00:00,0.19770320000000002
2017-01-01 04:00:00,0.2831496
2017-01-01 05:00:00,0.23079850000000002
2017-01-01 06:00:00,0.1771267
2017-01-01 07:00:00,0.1842623
2017-01-01 08:00:00,0.22450050000000002
2017-01-01 09:00:00,0.24147939999999998
2017-01-01 10:00:00,0.1824006
2017-01-01 11:00:00,0.21290949999999997
2017-01-01 12:00:00,0.1909577
2017-01-01 13:00:00,0.2099668
2017-01-01 14:00:00,0.2056324
2017-01-01 15:00:00,0.16016670000000002
2017-01-01 16:00:00,0.12553530000000002
2017-01-01 17:00:00,0.23525310000000002
2017-01-01 18:00:00,0.16879470000000002
2017-01-01 19:00:00,0.1393698
2017-01-01 20:00:00,0.1703624
2017-01-01 21:00:00,0.13029159999999998
2017-01-01 22:00:00,0.1265347
2017-01-01 23:00:00,0.17881699999999998
2017-01-02 00:00:00,0.25539670000000003
2017-01-02 01:00:00,0.28972760000000003
2017-01-02 02:00:00,0.3301985
2017-01-02 03:00:00,0.26137689999999997
2017-01-02 04:00:00,0.32324739999999996
2017-01-02 05:00:00,0.24097549999999998
2017-01-02 06:00:00,0.2554927
2017-01-02 07:00:00,0.2248985
2017-01-02 08:00:00,0.19395140000000002
2017-01-02 09:00:00,0.1581397
2017-01-02 10:00:00,0.19203220000000001
2017-01-02 11:00:00,0.1343663
2017-01-02 12:00:00,0.1797402
2017-01-02 13:00:00,0.14203290000000002
2017-01-02 14:00:00,0.1878894
2017-01-02 15:00:00,0.11117369999999999
2017-01-02 16:00:00,0.1867503
2017-01-02 17:00:00,0.3060567
2017-01-02 18:00:00,0.1390852
2017-01-02 19:00:00,0.129263
2017-01-02 20:00:00,0.1754086
2017-01-02 21:00:00,0.16732829999999999
2017-01-02 22:00:00,0.14267459999999998
2017-01-02 23:00:00,0.1742179
2017-01-03 00:00:00,0.1839598
2017-01-03 01:00:00,0.1960406
2017-01-03 02:00:00,0.2796552
2017-01-03 03:00:00,0.17793479999999998
2017-01-03 04:00:00,0.210459
2017-01-03 05:00:00,0.34394979999999997
2017-01-03 06:00:00,0.38146979999999997
2017-01-03 07:00:00,0.419492
2017-01-03 08:00:00,0.4283764
2017-01-03 09:00:00,0.40738030000000003
2017-01-03 10:00:00,0.3391637
2017-01-03 11:00:00,0.3968152
2017-01-03 12:00:00,0.39390050000000004
2017-01-03 13:00:00,0.40848350000000005
2017-01-03 14:00:00,0.34764229999999996
2017-01-03 15:00:00,0.40157220000000005
2017-01-03 16:00:00,0.35308570000000006
2017-01-03 17:00:00,0.35310749999999996
2017-01-03 18:00:00,0.22926349999999998
2017-01-03 19:00:00,0.3206087
2017-01-03 20:00:00,0.30426559999999997
2017-01-03 21:00:00,0.3030443
2017-01-03 22:00:00,0.3686323
2017-01-03 23:00:00,0.34483759999999997
2017-01-04 00:00:00,0.3214002
2017-01-04 01:00:00,0.4361099
2017-01-04 02:00:00,0.4145499
2017-01-04 03:00:00,0.40462739999999997
2017-01-04 04:00:00,0.6305552999999999
2017-01-04 05:00:00,0.3574422
2017-01-04 06:00:00,0.4331454
2017-01-04 07:00:00,0.47699800000000003
2017-01-04 08:00:00,0.3668231
2017-01-04 09:00:00,0.3706816
2017-01-04 10:00:00,0.403055
2017-01-04 11:00:00,0.3834339
2017-01-04 12:00:00,0.3575868
2017-01-04 13:00:00,0.4170422
2017-01-04 14:00:00,0.2583162
2017-01-04 15:00:00,0.3830229
2017-01-04 16:00:00,0.3288885
2017-01-04 17:00:00,0.3788628
2017-01-04 18:00:00,0.3199958
2017-01-04 19:00:00,0.2746895
2017-01-04 20:00:00,0.25471889999999997
2017-01-04 21:00:00,0.3050235
2017-01-04 22:00:00,0.2922608
2017-01-04 23:00:00,0.259262
2017-01-05 00:00:00,0.23956739999999999
2017-01-05 01:00:00,0.2841284
2017-01-05 02:00:00,0.36178319999999997
2017-01-05 03:00:00,0.3175417
2017-01-05 04:00:00,0.30142050000000004
2017-01-05 05:00:00,0.2443773
2017-01-05 06:00:00,0.22000979999999998
2017-01-05 07:00:00,0.17671620000000002
2017-01-05 08:00:00,0.45920360000000005
2017-01-05 09:00:00,0.18847429999999998
2017-01-05 10:00:00,0.24394459999999998
2017-01-05 11:00:00,0.2397177
2017-01-05 12:00:00,0.2766832
2017-01-05 13:00:00,0.24974470000000001
2017-01-05 14:00:00,0.30284669999999997
2017-01-05 15:00:00,0.2066818
2017-01-05 16:00:00,0.24141210000000002
2017-01-05 17:00:00,0.1987199
2017-01-05 18:00:00,0.12242710000000001
2017-01-05 19:00:00,0.1727721
2017-01-05 20:00:00,0.2271947
2017-01-05 21:00:00,0.1734043
2017-01-05 22:00:00,0.26168569999999997
2017-01-05 23:00:00,0.2462385
2017-01-06 00:00:00,0.2851612
2017-01-06 01:00:00,0.3136454
2017-01-06 02:00:00,0.3544001
2017-01-06 03:00:00,0.2977468
2017-01-06 04:00:00,0.19136679999999998
2017-01-06 05:00:00,0.1678117
2017-01-06 06:00:00,0.2432151
2017-01-06 07:00:00,0.21658370000000002
2017-01-06 08:00:00,0.2893498
2017-01-06 09:00:00,0.27326049999999996
2017-01-06 10:00:00,0.2611297
2017-01-06 11:00:00,0.2453817
2017-01-06 12:00:00,0.225695
2017-01-06 13:00:00,0.3414622
2017-01-06 14:00:00,0.3885772
2017-01-06 15:00:00,0.4964553
2017-01-06 16:00:00,0.7165602
2017-01-06 17:00:00,0.7373983
2017-01-06 18:00:00,0.6784537
2017-01-06 19:00:00,0.5711991
2017-01-06 20:00:00,0.6208438000000001
2017-01-06 21:00:00,0.68561
2017-01-06 22:00:00,0.6456944
2017-01-06 23:00:00,0.6957521
2017-01-07 00:00:00,0.6800662
2017-01-07 01:00:00,0.7371697
2017-01-07 02:00:00,0.6704443999999999
2017-01-07 03:00:00,0.5687807
2017-01-07 04:00:00,0.549449
2017-01-07 05:00:00,0.5956548
2017-01-07 06:00:00,0.5665167
2017-01-07 07:00:00,0.619216
2017-01-07 08:00:00,0.6306033
2017-01-07 09:00:00,0.6318686
2017-01-07 10:00:00,0.7624033
2017-01-07 11:00:00,0.5718033
2017-01-07 12:00:00,0.505425
2017-01-07 13:00:00,0.5050285999999999
2017-01-07 14:00:00,0.4893219
2017-01-07 15:00:00,0.3559206
2017-01-07 16:00:00,0.582455
2017-01-07 17:00:00,0.5052804
2017-01-07 18:00:00,0.5399944
2017-01-07 19:00:00,0.5071674
2017-01-07 20:00:00,0.5067809
2017-01-07 21:00:00,0.5683198
2017-01-07 22:00:00,0.4920743
2017-01-07 23:00:00,0.3826371
2017-01-08 00:00:00,0.35633549999999997
2017-01-08 01:00:00,0.45792610000000006
2017-01-08 02:00:00,0.4328291
2017-01-08 03:00:00,0.4626892
2017-01-08 04:00:00,0.4282981
2017-01-08 05:00:00,0.5194057999999999
2017-01-08 06:00:00,0.6408872999999999
2017-01-08 07:00:00,0.4920734
2017-01-08 08:00:00,0.5060032
2017-01-08 09:00:00,0.6063694000000001
2017-01-08 10:00:00,0.6051935
2017-01-08 11:00:00,0.47036160000000005
2017-01-08 12:00:00,0.6319919
2017-01-08 13:00:00,0.5981548999999999
2017-01-08 14:00:00,0.6195757
2017-01-08 15:00:00,0.6729315
2017-01-08 16:00:00,0.5937988
2017-01-08 17:00:00,0.5123814999999999
2017-01-08 18:00:00,0.470557
2017-01-08 19:00:00,0.49181010000000003
2017-01-08 20:00:00,0.6233837
2017-01-08 21:00:00,0.5353884999999999
2017-01-08 22:00:00,0.4898475
2017-01-08 23:00:00,0.5381987
2017-01-09 00:00:00,0.5117273
2017-01-09 01:00:00,0.4518728
2017-01-09 02:00:00,0.4533961
2017-01-09 03:00:00,0.47506770000000004
2017-01-09 04:00:00,0.4445537
2017-01-09 05:00:00,0.564328
2017-01-09 06:00:00,0.5391953
2017-01-09 07:00:00,0.5980748
2017-01-09 08:00:00,0.5585022
2017-01-09 09:00:00,0.5646299
2017-01-09 10:00:00,0.5396183
2017-01-09 11:00:00,0.5194417
2017-01-09 12:00:00,0.5286559
2017-01-09 13:00:00,0.6104982
2017-01-09 14:00:00,0.6107423
2017-01-09 15:00:00,0.6192965
2017-01-09 16:00:00,0.580714
2017-01-09 17:00:00,0.6821819000000001
2017-01-09 18:00:00,0.7253557
2017-01-09 19:00:00,0.6537044000000001
2017-01-09 20:00:00,0.5922923
2017-01-09 21:00:00,0.6087125
2017-01-09 22:00:00,0.5552863
2017-01-09 23:00:00,0.4650834
2017-01-10 00:00:00,0.36268619999999996
2017-01-10 01:00:00,0.3896579
2017-01-10 02:00:00,0.45426459999999996
2017-01-10 03:00:00,0.4175154
2017-01-10 04:00:00,0.46125140000000003
2017-01-10 05:00:00,0.4360359
2017-01-10 06:00:00,0.4044274
2017-01-10 07:00:00,0.4532284
2017-01-10 08:00:00,0.4315258
2017-01-10 09:00:00,0.4895097
2017-01-10 10:00:00,0.4970148
2017-01-10 11:00:00,0.34080469999999996
2017-01-10 12:00:00,0.3929486
2017-01-10 13:00:00,0.4082947
2017-01-10 14:00:00,0.3846952
2017-01-10 15:00:00,0.3418584
2017-01-10 16:00:00,0.33555019999999997
2017-01-10 17:00:00,0.3317026
2017-01-10 18:00:00,0.3850378
2017-01-10 19:00:00,0.3399993
2017-01-10 20:00:00,0.32570839999999995
2017-01-10 21:00:00,0.3427913
2017-01-10 22:00:00,0.34475720000000004
2017-01-10 23:00:00,0.3055926
2017-01-11 00:00:00,0.3177992
2017-01-11 01:00:00,0.3155449
2017-01-11 02:00:00,0.2177921
2017-01-11 03:00:00,0.2868843
2017-01-11 04:00:00,0.3469907
2017-01-11 05:00:00,0.3452386
2017-01-11 06:00:00,0.3792312
2017-01-11 07:00:00,0.2863038
2017-01-11 08:00:00,0.2952045
2017-01-11 09:00:00,0.2896356
2017-01-11 10:00:00,0.2604852
2017-01-11 11:00:00,0.2403009
2017-01-11 12:00:00,0.221102
2017-01-11 13:00:00,0.1943647
2017-01-11 14:00:00,0.048771199999999994
2017-01-11 15:00:00,0.045226699999999995
2017-01-11 16:00:00,0.0807681
2017-01-11 17:00:00,0.0945686
2017-01-11 18:00:00,0.0489905
2017-01-11 19:00:00,0.0461075
2017-01-11 20:00:00,0.048513900000000006
2017-01-11 21:00:00,0.12493320000000001
2017-01-11 22:00:00,0.0933235
2017-01-11 23:00:00,0.0693275
2017-01-12 00:00:00,0.0818782
2017-01-12 01:00:00,0.0597122
2017-01-12 02:00:00,0.1934596
2017-01-12 03:00:00,0.18211770000000002
2017-01-12 04:00:00,0.15215410000000001
2017-01-12 05:00:00,0.10084889999999999
2017-01-12 06:00:00,0.1303397
2017-01-12 07:00:00,0.1611002
2017-01-12 08:00:00,0.14530469999999998
2017-01-12 09:00:00,0.114288
2017-01-12 10:00:00,0.1195844
2017-01-12 11:00:00,0.0582741
2017-01-12 12:00:00,0.0926844
2017-01-12 13:00:00,0.2370232
2017-01-12 14:00:00,0.5362659
2017-01-12 15:00:00,0.5884164
2017-01-12 16:00:00,0.5906657
2017-01-12 17:00:00,0.5885019
2017-01-12 18:00:00,0.5368713
2017-01-12 19:00:00,0.5447749000000001
2017-01-12 20:00:00,0.4709411
2017-01-12 21:00:00,0.47009819999999997
2017-01-12 22:00:00,0.477913
2017-01-12 23:00:00,0.5592505
2017-01-13 00:00:00,0.4840905
2017-01-13 01:00:00,0.5378616
2017-01-13 02:00:00,0.5109543
2017-01-13 03:00:00,0.4999008
2017-01-13 04:00:00,0.568358
2017-01-13 05:00:00,0.6682237000000001
2017-01-13 06:00:00,0.6234816
2017-01-13 07:00:00,0.6215993000000001
2017-01-13 08:00:00,0.6715937
2017-01-13 09:00:00,0.6185007
2017-01-13 10:00:00,0.5940291
2017-01-13 11:00:00,0.6037582
2017-01-13 12:00:00,0.5807914000000001
2017-01-13 13:00:00,0.7139002999999999
2017-01-13 14:00:00,0.4875144
2017-01-13 15:00:00,0.28837440000000003
2017-01-13 16:00:00,0.29056529999999997
2017-01-13 17:00:00,0.3273659
2017-01-13 18:00:00,0.35947539999999994
2017-01-13 19:00:00,0.3465389
2017-01-13 20:00:00,0.17309259999999999
2017-01-13 21:00:00,0.15900140000000001
2017-01-13 22:00:00,0.17490480000000003
2017-01-13 23:00:00,0.21389350000000001
2017-01-14 00:00:00,0.1897365
2017-01-14 01:00:00,0.23072410000000002
2017-01-14 02:00:00,0.2552337
2017-01-14 03:00:00,0.21004650000000002
2017-01-14 04:00:00,0.28333179999999997
2017-01-14 05:00:00,0.2430824
2017-01-14 06:00:00,0.24343
2017-01-14 07:00:00,0.2682594
2017-01-14 08:00:00,0.1851771
2017-01-14 09:00:00,0.3274996
2017-01-14 10:00:00,0.6059756000000001
2017-01-14 11:00:00,0.6743402000000001
2017-01-14 12:00:00,0.6517941999999999
2017-01-14 13:00:00,0.6078467
2017-01-14 14:00:00,0.6434193
2017-01-14 15:00:00,0.6759274000000001
2017-01-14 16:00:00,0.585363
2017-01-14 17:00:00,0.5837466
2017-01-14 18:00:00,0.6155873
2017-01-14 19:00:00,0.6394637
2017-01-14 20:00:00,0.5307163
2017-01-14 21:00:00,0.5538801
2017-01-14 22:00:00,0.5765617000000001
2017-01-14 23:00:00,0.577509
2017-01-15 00:00:00,0.5974311
2017-01-15 01:00:00,0.6637913000000001
2017-01-15 02:00:00,0.5821304
2017-01-15 03:00:00,0.5942309
2017-01-15 04:00:00,0.6153862999999999
2017-01-15 05:00:00,0.6111905
2017-01-15 06:00:00,0.6501528000000001
2017-01-15 07:00:00,0.6716155
2017-01-15 08:00:00,0.563084
2017-01-15 09:00:00,0.5362393999999999
2017-01-15 10:00:00,0.4436582
2017-01-15 11:00:00,0.35115
2017-01-15 12:00:00,0.3885536
2017-01-15 13:00:00,0.4372929
2017-01-15 14:00:00,0.4141104
2017-01-15 15:00:00,0.386846
2017-01-15 16:00:00,0.39928969999999997
2017-01-15 17:00:00,0.35494230000000004
2017-01-15 18:00:00,0.21624880000000002
2017-01-15 19:00:00,0.2758614
2017-01-15 20:00:00,0.1643788
2017-01-15 21:00:00,0.2899925
2017-01-15 22:00:00,0.197238
2017-01-15 23:00:00,0.1904335
2017-01-16 00:00:00,0.2573282
2017-01-16 01:00:00,0.2534348
2017-01-16 02:00:00,0.24891470000000002
2017-01-16 03:00:00,0.19893799999999998
2017-01-16 04:00:00,0.23105260000000002
2017-01-16 05:00:00,0.3347293
2017-01-16 06:00:00,0.27576619999999996
2017-01-16 07:00:00,0.2857751
2017-01-16 08:00:00,0.3194942
2017-01-16 09:00:00,0.34575989999999995
2017-01-16 10:00:00,0.306211
2017-01-16 11:00:00,0.2520049
2017-01-16 12:00:00,0.3265587
2017-01-16 13:00:00,0.3294673
2017-01-16 14:00:00,0.2623643
2017-01-16 15:00:00,0.269249
2017-01-16 16:00:00,0.2289555
2017-01-16 17:00:00,0.20616050000000002
2017-01-16 18:00:00,0.2270803
2017-01-16 19:00:00,0.22848459999999998
2017-01-16 20:00:00,0.2332877
2017-01-16 21:00:00,0.2550525
2017-01-16 22:00:00,0.2990324
2017-01-16 23:00:00,0.22750910000000002
2017-01-17 00:00:00,0.2910742
2017-01-17 01:00:00,0.2187846
2017-01-17 02:00:00,0.2670179
2017-01-17 03:00:00,0.2204043
2017-01-17 04:00:00,0.2717889
2017-01-17 05:00:00,0.3905654
2017-01-17 06:00:00,0.3267083
2017-01-17 07:00:00,0.2153497
2017-01-17 08:00:00,0.2836243
2017-01-17 09:00:00,0.3302472
2017-01-17 10:00:00,0.4034087
2017-01-17 11:00:00,0.5787205
2017-01-17 12:00:00,0.6749919
2017-01-17 13:00:00,0.5627215
2017-01-17 14:00:00,0.5385004
2017-01-17 15:00:00,0.5427046
2017-01-17 16:00:00,0.5566624
2017-01-17 17:00:00,0.650638
2017-01-17 18:00:00,0.5198193
2017-01-17 19:00:00,0.5555853
2017-01-17 20:00:00,0.5476512
2017-01-17 21:00:00,0.5039053
2017-01-17 22:00:00,0.44026699999999996
2017-01-17 23:00:00,0.33858130000000003
2017-01-18 00:00:00,0.26614889999999997
2017-01-18 01:00:00,0.32549190000000006
2017-01-18 02:00:00,0.4854134
2017-01-18 03:00:00,0.45017270000000004
2017-01-18 04:00:00,0.5097454
2017-01-18 05:00:00,0.49652799999999997
2017-01-18 06:00:00,0.5589604
2017-01-18 07:00:00,0.6016584
2017-01-18 08:00:00,0.5948992
2017-01-18 09:00:00,0.5859103999999999
2017-01-18 10:00:00,0.4751594
2017-01-18 11:00:00,0.5842347
2017-01-18 12:00:00,0.615131
2017-01-18 13:00:00,0.5538989999999999
2017-01-18 14:00:00,0.6115777
2017-01-18 15:00:00,0.583204
2017-01-18 16:00:00,0.6143041
2017-01-18 17:00:00,0.6328695
2017-01-18 18:00:00,0.6711664
2017-01-18 19:00:00,0.6021307
2017-01-18 20:00:00,0.6617622
2017-01-18 21:00:00,0.5884234
2017-01-18 22:00:00,0.5762497
2017-01-18 23:00:00,0.6841733999999999
2017-01-19 00:00:00,0.6042279
2017-01-19 01:00:00,0.6451094
2017-01-19 02:00:00,0.5851467
2017-01-19 03:00:00,0.6467256
2017-01-19 04:00:00,0.6286049
2017-01-19 05:00:00,0.6100578999999999
2017-01-19 06:00:00,0.6209261
2017-01-19 07:00:00,0.5825239
2017-01-19 08:00:00,0.3995025
2017-01-19 09:00:00,0.380669
2017-01-19 10:00:00,0.38821910000000004
2017-01-19 11:00:00,0.3386727
2017-01-19 12:00:00,0.36241280000000003
2017-01-19 13:00:00,0.32953049999999995
2017-01-19 14:00:00,0.3018886
2017-01-19 15:00:00,0.3612574
2017-01-19 16:00:00,0.37750100000000003
2017-01-19 17:00:00,0.2525777
2017-01-19 18:00:00,0.1845639
2017-01-19 19:00:00,0.1775701
2017-01-19 20:00:00,0.1890977
2017-01-19 21:00:00,0.17884170000000002
2017-01-19 22:00:00,0.1581423
2017-01-19 23:00:00,0.1393445
2017-01-20 00:00:00,0.25369980000000003
2017-01-20 01:00:00,0.23049499999999998
2017-01-20 02:00:00,0.3047338
2017-01-20 03:00:00,0.28025279999999997
2017-01-20 04:00:00,0.19436679999999998
2017-01-20 05:00:00,0.2229002
2017-01-20 06:00:00,0.2261513
2017-01-20 07:00:00,0.1850971
2017-01-20 08:00:00,0.33125340000000003
2017-01-20 09:00:00,0.2662738
2017-01-20 10:00:00,0.2985108
2017-01-20 11:00:00,0.2006503
2017-01-20 12:00:00,0.14628349999999998
2017-01-20 13:00:00,0.2115861
2017-01-20 14:00:00,0.1090294
2017-01-20 15:00:00,0.16365169999999998
2017-01-20 16:00:00,0.1600503
2017-01-20 17:00:00,0.1842577
2017-01-20 18:00:00,0.24705290000000002
2017-01-20 19:00:00,0.20224070000000002
2017-01-20 20:00:00,0.2270858
2017-01-20 21:00:00,0.20397500000000002
2017-01-20 22:00:00,0.11518489999999999
2017-01-20 23:00:00,0.10177199999999999
2017-01-21 00:00:00,0.1453739
2017-01-21 01:00:00,0.1479065
2017-01-21 02:00:00,0.158949
2017-01-21 03:00:00,0.2199058
2017-01-21 04:00:00,0.2776864
2017-01-21 05:00:00,0.2796554
2017-01-21 06:00:00,0.2180134
2017-01-21 07:00:00,0.1999079
2017-01-21 08:00:00,0.34152099999999996
2017-01-21 09:00:00,0.30037220000000003
2017-01-21 10:00:00,0.3049241
2017-01-21 11:00:00,0.2283067
2017-01-21 12:00:00,0.23285430000000001
2017-01-21 13:00:00,0.36202910000000005
2017-01-21 14:00:00,0.2549861
2017-01-21 15:00:00,0.2292504
2017-01-21 16:00:00,0.33839440000000004
2017-01-21 17:00:00,0.277208
2017-01-21 18:00:00,0.2993447
2017-01-21 19:00:00,0.22044699999999998
2017-01-21 20:00:00,0.2392902
2017-01-21 21:00:00,0.2423973
2017-01-21 22:00:00,0.2186597
2017-01-21 23:00:00,0.12139290000000001
2017-01-22 00:00:00,0.1499338
2017-01-22 01:00:00,0.2144158
2017-01-22 02:00:00,0.22681819999999997
2017-01-22 03:00:00,0.2029353
2017-01-22 04:00:00,0.1368627
2017-01-22 05:00:00,0.1750963
2017-01-22 06:00:00,0.25741980000000003
2017-01-22 07:00:00,0.2566213
2017-01-22 08:00:00,0.2455541
2017-01-22 09:00:00,0.2838485
2017-01-22 10:00:00,0.3015622
2017-01-22 11:00:00,0.1483365
2017-01-22 12:00:00,0.1394653
2017-01-22 13:00:00,0.16873470000000002
2017-01-22 14:00:00,0.17493670000000003
2017-01-22 15:00:00,0.1596214
2017-01-22 16:00:00,0.13490370000000002
2017-01-22 17:00:00,0.1877411
2017-01-22 18:00:00,0.09875439999999999
2017-01-22 19:00:00,0.15226610000000002
2017-01-22 20:00:00,0.1587127
2017-01-22 21:00:00,0.11614100000000001
2017-01-22 22:00:00,0.1943358
2017-01-22 23:00:00,0.1555755
2017-01-23 00:00:00,0.2519267
2017-01-23 01:00:00,0.20671009999999998
2017-01-23 02:00:00,0.1516125
2017-01-23 03:00:00,0.1687546
2017-01-23 04:00:00,0.16673649999999998
2017-01-23 05:00:00,0.1882684
2017-01-23 06:00:00,0.2161144
2017-01-23 07:00:00,0.17403169999999998
2017-01-23 08:00:00,0.142385
2017-01-23 09:00:00,0.2391554
2017-01-23 10:00:00,0.1912192
2017-01-23 11:00:00,0.243614
2017-01-23 12:00:00,0.2121463
2017-01-23 13:00:00,0.1410326
2017-01-23 14:00:00,0.2606347
2017-01-23 15:00:00,0.2976942
2017-01-23 16:00:00,0.46403649999999996
2017-01-23 17:00:00,0.3750889
2017-01-23 18:00:00,0.35036459999999997
2017-01-23 19:00:00,0.1454203
2017-01-23 20:00:00,0.1263419
2017-01-23 21:00:00,0.1888391
2017-01-23 22:00:00,0.2632562
2017-01-23 23:00:00,0.1338635
2017-01-24 00:00:00,0.19807729999999998
2017-01-24 01:00:00,0.2089325
2017-01-24 02:00:00,0.21434920000000002
2017-01-24 03:00:00,0.2558879
2017-01-24 04:00:00,0.229731
2017-01-24 05:00:00,0.24059640000000002
2017-01-24 06:00:00,0.33689779999999997
2017-01-24 07:00:00,0.2837668
2017-01-24 08:00:00,0.24211590000000002
2017-01-24 09:00:00,0.24157889999999999
2017-01-24 10:00:00,0.1988821
2017-01-24 11:00:00,0.13627140000000001
2017-01-24 12:00:00,0.2305441
2017-01-24 13:00:00,0.21228819999999998
2017-01-24 14:00:00,0.178664
2017-01-24 15:00:00,0.2257398
2017-01-24 16:00:00,0.4707246
2017-01-24 17:00:00,0.37756140000000005
2017-01-24 18:00:00,0.2269977
2017-01-24 19:00:00,0.15803319999999998
2017-01-24 20:00:00,0.19276669999999999
2017-01-24 21:00:00,0.2175034
2017-01-24 22:00:00,0.2875088
2017-01-24 23:00:00,0.10790910000000001
2017-01-25 00:00:00,0.1669621
2017-01-25 01:00:00,0.2770576
2017-01-25 02:00:00,0.2868457
2017-01-25 03:00:00,0.2598394
2017-01-25 04:00:00,0.29487179999999996
2017-01-25 05:00:00,0.3155194
2017-01-25 06:00:00,0.2675422
2017-01-25 07:00:00,0.15845399999999998
2017-01-25 08:00:00,0.2679125
2017-01-25 09:00:00,0.35766939999999997
2017-01-25 10:00:00,0.3949145
2017-01-25 11:00:00,0.2587833
2017-01-25 12:00:00,0.3090401
2017-01-25 13:00:00,0.2953171
2017-01-25 14:00:00,0.2793961
2017-01-25 15:00:00,0.2264182
2017-01-25 16:00:00,0.2456728
2017-01-25 17:00:00,0.14129329999999998
2017-01-25 18:00:00,0.2221929
2017-01-25 19:00:00,0.1279374
2017-01-25 20:00:00,0.2003753
2017-01-25 21:00:00,0.1807662
2017-01-25 22:00:00,0.16642579999999998
2017-01-25 23:00:00,0.116974
2017-01-26 00:00:00,0.19250530000000002
2017-01-26 01:00:00,0.14238289999999998
2017-01-26 02:00:00,0.1516629
2017-01-26 03:00:00,0.06370529999999999
2017-01-26 04:00:00,0.1062738
2017-01-26 05:00:00,0.1911362
2017-01-26 06:00:00,0.277001
2017-01-26 07:00:00,0.19383430000000001
2017-01-26 08:00:00,0.19949709999999998
2017-01-26 09:00:00,0.24214
2017-01-26 10:00:00,0.2977614
2017-01-26 11:00:00,0.2934741
2017-01-26 12:00:00,0.275241
2017-01-26 13:00:00,0.2007989
2017-01-26 14:00:00,0.3981742
2017-01-26 15:00:00,0.6690748999999999
2017-01-26 16:00:00,0.706859
2017-01-26 17:00:00,0.6648459
2017-01-26 18:00:00,0.6305115
2017-01-26 19:00:00,0.6218359
2017-01-26 20:00:00,0.6526159
2017-01-26 21:00:00,0.6150622
2017-01-26 22:00:00,0.6015132
2017-01-26 23:00:00,0.6319104999999999
2017-01-27 00:00:00,0.27003710000000003
2017-01-27 01:00:00,0.2388495
2017-01-27 02:00:00,0.5572562
2017-01-27 03:00:00,0.6417489000000001
2017-01-27 04:00:00,0.5715742
2017-01-27 05:00:00,0.5598156
2017-01-27 06:00:00,0.5958394
2017-01-27 07:00:00,0.6341754000000001
2017-01-27 08:00:00,0.636704
2017-01-27 09:00:00,0.6279846
2017-01-27 10:00:00,0.6112037
2017-01-27 11:00:00,0.5825236
2017-01-27 12:00:00,0.49323340000000004
2017-01-27 13:00:00,0.5800628
2017-01-27 14:00:00,0.5879324
2017-01-27 15:00:00,0.5705678000000001
2017-01-27 16:00:00,0.4808429
2017-01-27 17:00:00,0.4419688
2017-01-27 18:00:00,0.4986212
2017-01-27 19:00:00,0.5234926
2017-01-27 20:00:00,0.5716754000000001
2017-01-27 21:00:00,0.5397706999999999
2017-01-27 22:00:00,0.5458062
2017-01-27 23:00:00,0.41665810000000003
2017-01-28 00:00:00,0.2312835
2017-01-28 01:00:00,0.22997340000000002
2017-01-28 02:00:00,0.43813270000000004
2017-01-28 03:00:00,0.4864736
2017-01-28 04:00:00,0.4838051
2017-01-28 05:00:00,0.5270228
2017-01-28 06:00:00,0.5102311
2017-01-28 07:00:00,0.5443672
2017-01-28 08:00:00,0.49016440000000006
2017-01-28 09:00:00,0.5132522
2017-01-28 10:00:00,0.5081907999999999
2017-01-28 11:00:00,0.602838
2017-01-28 12:00:00,0.6254196000000001
2017-01-28 13:00:00,0.6012362
2017-01-28 14:00:00,0.5842537
2017-01-28 15:00:00,0.598956
2017-01-28 16:00:00,0.6265942
2017-01-28 17:00:00,0.6145575999999999
2017-01-28 18:00:00,0.5794066999999999
2017-01-28 19:00:00,0.6032855
2017-01-28 20:00:00,0.6016176
2017-01-28 21:00:00,0.6113331
2017-01-28 22:00:00,0.5587455
2017-01-28 23:00:00,0.4707456
2017-01-29 00:00:00,0.32069270000000005
2017-01-29 01:00:00,0.26192689999999996
2017-01-29 02:00:00,0.3483676
2017-01-29 03:00:00,0.5517135
2017-01-29 04:00:00,0.5283558
2017-01-29 05:00:00,0.5426371
2017-01-29 06:00:00,0.6549511
2017-01-29 07:00:00,0.5887806
2017-01-29 08:00:00,0.6106469
2017-01-29 09:00:00,0.6004417
2017-01-29 10:00:00,0.6815723
2017-01-29 11:00:00,0.6197199
2017-01-29 12:00:00,0.6070655
2017-01-29 13:00:00,0.6197016
2017-01-29 14:00:00,0.7020214
2017-01-29 15:00:00,0.6159747
2017-01-29 16:00:00,0.5893225000000001
2017-01-29 17:00:00,0.6271499
2017-01-29 18:00:00,0.6318641
2017-01-29 19:00:00,0.6187634
2017-01-29 20:00:00,0.5939082
2017-01-29 21:00:00,0.6275702
2017-01-29 22:00:00,0.5835545
2017-01-29 23:00:00,0.4515576
2017-01-30 00:00:00,0.17976009999999998
2017-01-30 01:00:00,0.1202856
2017-01-30 02:00:00,0.2038958
2017-01-30 03:00:00,0.5346221
2017-01-30 04:00:00,0.5341911
2017-01-30 05:00:00,0.6177169
2017-01-30 06:00:00,0.5577276
2017-01-30 07:00:00,0.6100968
2017-01-30 08:00:00,0.6214614
2017-01-30 09:00:00,0.5821543
2017-01-30 10:00:00,0.5493531
2017-01-30 11:00:00,0.5999378
2017-01-30 12:00:00,0.5892768
2017-01-30 13:00:00,0.5632225
2017-01-30 14:00:00,0.6461133
2017-01-30 15:00:00,0.6202179999999999
2017-01-30 16:00:00,0.5476557
2017-01-30 17:00:00,0.5013997
2017-01-30 18:00:00,0.5316707
2017-01-30 19:00:00,0.5344106
2017-01-30 20:00:00,0.49334690000000003
2017-01-30 21:00:00,0.5585309
2017-01-30 22:00:00,0.5264824
2017-01-30 23:00:00,0.5755333
