time,cpu
2017-01-01 00:00:00,0.1693573
2017-01-01 01:00:00,0.1631691
2017-01-01 02:00:00,0.16435770000000002
2017-01-01 03:00:00,0.16155329999999998
2017-01-01 04:00:00,0.1595701
2017-01-01 05:00:00,0.1634783
2017-01-01 06:00:00,0.15592599999999998
2017-01-01 07:00:00,0.1588619
2017-01-01 08:00:00,0.15851279999999998
2017-01-01 09:00:00,0.15549
2017-01-01 10:00:00,0.15682980000000002
2017-01-01 11:00:00,0.1584064
2017-01-01 12:00:00,0.15677149999999998
2017-01-01 13:00:00,0.1583685
2017-01-01 14:00:00,0.1469516
2017-01-01 15:00:00,0.1468789
2017-01-01 16:00:00,0.1440756
2017-01-01 17:00:00,0.1479756
2017-01-01 18:00:00,0.14898809999999998
2017-01-01 19:00:00,0.1549375
2017-01-01 20:00:00,0.1560982
2017-01-01 21:00:00,0.1626982
2017-01-01 22:00:00,0.1909705
2017-01-01 23:00:00,0.16507840000000001
2017-01-02 00:00:00,0.16039799999999999
2017-01-02 01:00:00,0.1675947
2017-01-02 02:00:00,0.1683623
2017-01-02 03:00:00,0.171081
2017-01-02 04:00:00,0.1740254
2017-01-02 05:00:00,0.17678850000000002
2017-01-02 06:00:00,0.16476559999999998
2017-01-02 07:00:00,0.16236730000000002
2017-01-02 08:00:00,0.1692255
2017-01-02 09:00:00,0.1734009
2017-01-02 10:00:00,0.1839778
2017-01-02 11:00:00,0.1777357
2017-01-02 12:00:00,0.16944520000000002
2017-01-02 13:00:00,0.17992439999999998
2017-01-02 14:00:00,0.1751359
2017-01-02 15:00:00,0.16862729999999998
2017-01-02 16:00:00,0.16690059999999998
2017-01-02 17:00:00,0.17407920000000002
2017-01-02 18:00:00,0.16697800000000002
2017-01-02 19:00:00,0.1748313
2017-01-02 20:00:00,0.1709005
2017-01-02 21:00:00,0.1768335
2017-01-02 22:00:00,0.1942372
2017-01-02 23:00:00,0.20847090000000001
2017-01-03 00:00:00,0.18936250000000002
2017-01-03 01:00:00,0.1905292
2017-01-03 02:00:00,0.18708
2017-01-03 03:00:00,0.1948744
2017-01-03 04:00:00,0.19191680000000003
2017-01-03 05:00:00,0.199987
2017-01-03 06:00:00,0.19541789999999998
2017-01-03 07:00:00,0.1980181
2017-01-03 08:00:00,0.2191723
2017-01-03 09:00:00,0.20620139999999998
2017-01-03 10:00:00,0.20173950000000002
2017-01-03 11:00:00,0.23487349999999999
2017-01-03 12:00:00,0.2528222
2017-01-03 13:00:00,0.2555034
2017-01-03 14:00:00,0.2230339
2017-01-03 15:00:00,0.21276119999999998
2017-01-03 16:00:00,0.21705939999999999
2017-01-03 17:00:00,0.21293330000000002
2017-01-03 18:00:00,0.20644179999999998
2017-01-03 19:00:00,0.20833649999999998
2017-01-03 20:00:00,0.2100053
2017-01-03 21:00:00,0.2197766
2017-01-03 22:00:00,0.2436621
2017-01-03 23:00:00,0.21715910000000002
2017-01-04 00:00:00,0.21066790000000002
2017-01-04 01:00:00,0.2130218
2017-01-04 02:00:00,0.20604
2017-01-04 03:00:00,0.2124458
2017-01-04 04:00:00,0.2232332
2017-01-04 05:00:00,0.2205205
2017-01-04 06:00:00,0.2161372
2017-01-04 07:00:00,0.2135667
2017-01-04 08:00:00,0.2207658
2017-01-04 09:00:00,0.2348658
2017-01-04 10:00:00,0.2429264
2017-01-04 11:00:00,0.2502355
2017-01-04 12:00:00,0.2475338
2017-01-04 13:00:00,0.2497805
2017-01-04 14:00:00,0.25758600000000004
2017-01-04 15:00:00,0.2542162
2017-01-04 16:00:00,0.2557977
2017-01-04 17:00:00,0.2568581
2017-01-04 18:00:00,0.2535706
2017-01-04 19:00:00,0.2556279
2017-01-04 20:00:00,0.2632386
2017-01-04 21:00:00,0.2871257
2017-01-04 22:00:00,0.28070239999999996
2017-01-04 23:00:00,0.272364
2017-01-05 00:00:00,0.2614767
2017-01-05 01:00:00,0.2638878
2017-01-05 02:00:00,0.25925339999999997
2017-01-05 03:00:00,0.2667368
2017-01-05 04:00:00,0.23301960000000002
2017-01-05 05:00:00,0.2332767
2017-01-05 06:00:00,0.2354041
2017-01-05 07:00:00,0.23985019999999999
2017-01-05 08:00:00,0.2379394
2017-01-05 09:00:00,0.23558779999999999
2017-01-05 10:00:00,0.2277929
2017-01-05 11:00:00,0.2384251
2017-01-05 12:00:00,0.2343808
2017-01-05 13:00:00,0.2369184
2017-01-05 14:00:00,0.2405202
2017-01-05 15:00:00,0.2504382
2017-01-05 16:00:00,0.2488243
2017-01-05 17:00:00,0.2219469
2017-01-05 18:00:00,0.1867974
2017-01-05 19:00:00,0.2015202
2017-01-05 20:00:00,0.19414560000000003
2017-01-05 21:00:00,0.19619489999999998
2017-01-05 22:00:00,0.2224861
2017-01-05 23:00:00,0.17599879999999998
2017-01-06 00:00:00,0.1556539
2017-01-06 01:00:00,0.158228
2017-01-06 02:00:00,0.14205679999999998
2017-01-06 03:00:00,0.1281388
2017-01-06 04:00:00,0.1268131
2017-01-06 05:00:00,0.11719020000000001
2017-01-06 06:00:00,0.1205818
2017-01-06 07:00:00,0.11743169999999999
2017-01-06 08:00:00,0.1169186
2017-01-06 09:00:00,0.1285568
2017-01-06 10:00:00,0.1544939
2017-01-06 11:00:00,0.2087714
2017-01-06 12:00:00,0.20361249999999997
2017-01-06 13:00:00,0.20404640000000002
2017-01-06 14:00:00,0.20604019999999998
2017-01-06 15:00:00,0.20319469999999998
2017-01-06 16:00:00,0.21001940000000002
2017-01-06 17:00:00,0.2967665
2017-01-06 18:00:00,0.2807011
2017-01-06 19:00:00,0.2830528
2017-01-06 20:00:00,0.28870419999999997
2017-01-06 21:00:00,0.2814022
2017-01-06 22:00:00,0.30341609999999997
2017-01-06 23:00:00,0.2827267
2017-01-07 00:00:00,0.2862929
2017-01-07 01:00:00,0.27950780000000003
2017-01-07 02:00:00,0.2947869
2017-01-07 03:00:00,0.2883788
2017-01-07 04:00:00,0.2872951
2017-01-07 05:00:00,0.3166212
2017-01-07 06:00:00,0.2928932
2017-01-07 07:00:00,0.2814818
2017-01-07 08:00:00,0.2794776
2017-01-07 09:00:00,0.2874996
2017-01-07 10:00:00,0.2830358
2017-01-07 11:00:00,0.2862599
2017-01-07 12:00:00,0.2889152
2017-01-07 13:00:00,0.2940508
2017-01-07 14:00:00,0.2968521
2017-01-07 15:00:00,0.29268910000000004
2017-01-07 16:00:00,0.2891969
2017-01-07 17:00:00,0.2881221
2017-01-07 18:00:00,0.2860285
2017-01-07 19:00:00,0.2853721
2017-01-07 20:00:00,0.2806185
2017-01-07 21:00:00,0.2902629
2017-01-07 22:00:00,0.2834002
2017-01-07 23:00:00,0.284621
2017-01-08 00:00:00,0.2744399
2017-01-08 01:00:00,0.27375520000000003
2017-01-08 02:00:00,0.2854382
2017-01-08 03:00:00,0.2867554
2017-01-08 04:00:00,0.2866091
2017-01-08 05:00:00,0.28697510000000004
2017-01-08 06:00:00,0.2958521
2017-01-08 07:00:00,0.28772590000000003
2017-01-08 08:00:00,0.2882396
2017-01-08 09:00:00,0.2901391
2017-01-08 10:00:00,0.2887614
2017-01-08 11:00:00,0.2898415
2017-01-08 12:00:00,0.2926202
2017-01-08 13:00:00,0.2851207
2017-01-08 14:00:00,0.2644223
2017-01-08 15:00:00,0.2610474
2017-01-08 16:00:00,0.2591354
2017-01-08 17:00:00,0.2616436
2017-01-08 18:00:00,0.2567769
2017-01-08 19:00:00,0.25593920000000003
2017-01-08 20:00:00,0.2540995
2017-01-08 21:00:00,0.2572909
2017-01-08 22:00:00,0.2646791
2017-01-08 23:00:00,0.2673835
2017-01-09 00:00:00,0.2639414
2017-01-09 01:00:00,0.2578766
2017-01-09 02:00:00,0.2303268
2017-01-09 03:00:00,0.22775179999999998
2017-01-09 04:00:00,0.2250469
2017-01-09 05:00:00,0.2204131
2017-01-09 06:00:00,0.2200285
2017-01-09 07:00:00,0.2266701
2017-01-09 08:00:00,0.2154192
2017-01-09 09:00:00,0.2220439
2017-01-09 10:00:00,0.2333967
2017-01-09 11:00:00,0.2259252
2017-01-09 12:00:00,0.2234195
2017-01-09 13:00:00,0.2253499
2017-01-09 14:00:00,0.2338482
2017-01-09 15:00:00,0.2335408
2017-01-09 16:00:00,0.2398683
2017-01-09 17:00:00,0.23753
2017-01-09 18:00:00,0.22190259999999998
2017-01-09 19:00:00,0.22567990000000002
2017-01-09 20:00:00,0.22997579999999998
2017-01-09 21:00:00,0.2323014
2017-01-09 22:00:00,0.2291975
2017-01-09 23:00:00,0.22057559999999998
2017-01-10 00:00:00,0.2188312
2017-01-10 01:00:00,0.218508
2017-01-10 02:00:00,0.241962
2017-01-10 03:00:00,0.2402456
2017-01-10 04:00:00,0.2413171
2017-01-10 05:00:00,0.2529152
2017-01-10 06:00:00,0.2575087
2017-01-10 07:00:00,0.2555642
2017-01-10 08:00:00,0.2519917
2017-01-10 09:00:00,0.253249
2017-01-10 10:00:00,0.2552317
2017-01-10 11:00:00,0.2656384
2017-01-10 12:00:00,0.2507474
2017-01-10 13:00:00,0.23160129999999998
2017-01-10 14:00:00,0.2356672
2017-01-10 15:00:00,0.24185510000000002
2017-01-10 16:00:00,0.24529710000000002
2017-01-10 17:00:00,0.24269590000000002
2017-01-10 18:00:00,0.24093610000000001
2017-01-10 19:00:00,0.2370091
2017-01-10 20:00:00,0.22530370000000002
2017-01-10 21:00:00,0.21953019999999998
2017-01-10 22:00:00,0.246218
2017-01-10 23:00:00,0.217963
2017-01-11 00:00:00,0.21060669999999998
2017-01-11 01:00:00,0.2058149
2017-01-11 02:00:00,0.2280538
2017-01-11 03:00:00,0.2455573
2017-01-11 04:00:00,0.2512666
2017-01-11 05:00:00,0.2587359
2017-01-11 06:00:00,0.23460699999999998
2017-01-11 07:00:00,0.2035785
2017-01-11 08:00:00,0.19748010000000002
2017-01-11 09:00:00,0.2090667
2017-01-11 10:00:00,0.20805240000000003
2017-01-11 11:00:00,0.18747119999999998
2017-01-11 12:00:00,0.18976510000000002
2017-01-11 13:00:00,0.2060076
2017-01-11 14:00:00,0.2257996
2017-01-11 15:00:00,0.21538810000000003
2017-01-11 16:00:00,0.2054754
2017-01-11 17:00:00,0.2196651
2017-01-11 18:00:00,0.22398330000000002
2017-01-11 19:00:00,0.2173096
2017-01-11 20:00:00,0.2163401
2017-01-11 21:00:00,0.2103476
2017-01-11 22:00:00,0.2182228
2017-01-11 23:00:00,0.2219538
2017-01-12 00:00:00,0.2210351
2017-01-12 01:00:00,0.2203234
2017-01-12 02:00:00,0.19416080000000002
2017-01-12 03:00:00,0.1925538
2017-01-12 04:00:00,0.19436810000000002
2017-01-12 05:00:00,0.1790439
2017-01-12 06:00:00,0.1873492
2017-01-12 07:00:00,0.1869755
2017-01-12 08:00:00,0.1944256
2017-01-12 09:00:00,0.20467739999999998
2017-01-12 10:00:00,0.223079
2017-01-12 11:00:00,0.2283973
2017-01-12 12:00:00,0.2337689
2017-01-12 13:00:00,0.23502479999999998
2017-01-12 14:00:00,0.2449699
2017-01-12 15:00:00,0.24452200000000002
2017-01-12 16:00:00,0.2477269
2017-01-12 17:00:00,0.2312631
2017-01-12 18:00:00,0.1649165
2017-01-12 19:00:00,0.1659016
2017-01-12 20:00:00,0.1681066
2017-01-12 21:00:00,0.1666062
2017-01-12 22:00:00,0.1665133
2017-01-12 23:00:00,0.1930668
2017-01-13 00:00:00,0.1912784
2017-01-13 01:00:00,0.2063967
2017-01-13 02:00:00,0.2072633
2017-01-13 03:00:00,0.17722159999999998
2017-01-13 04:00:00,0.17846209999999998
2017-01-13 05:00:00,0.1794076
2017-01-13 06:00:00,0.19853929999999997
2017-01-13 07:00:00,0.1963768
2017-01-13 08:00:00,0.1960994
2017-01-13 09:00:00,0.21036380000000002
2017-01-13 10:00:00,0.2892458
2017-01-13 11:00:00,0.30180070000000003
2017-01-13 12:00:00,0.2906844
2017-01-13 13:00:00,0.3595869
2017-01-13 14:00:00,0.3213818
2017-01-13 15:00:00,0.3350695
2017-01-13 16:00:00,0.3394491
2017-01-13 17:00:00,0.32277769999999995
2017-01-13 18:00:00,0.24541519999999997
2017-01-13 19:00:00,0.2520788
2017-01-13 20:00:00,0.24832059999999997
2017-01-13 21:00:00,0.2497144
2017-01-13 22:00:00,0.2554237
2017-01-13 23:00:00,0.2515094
2017-01-14 00:00:00,0.2521337
2017-01-14 01:00:00,0.2507002
2017-01-14 02:00:00,0.2450589
2017-01-14 03:00:00,0.2495993
2017-01-14 04:00:00,0.2580449
2017-01-14 05:00:00,0.24148630000000001
2017-01-14 06:00:00,0.2411982
2017-01-14 07:00:00,0.2428875
2017-01-14 08:00:00,0.2428955
2017-01-14 09:00:00,0.248909
2017-01-14 10:00:00,0.24817450000000002
2017-01-14 11:00:00,0.25089110000000003
2017-01-14 12:00:00,0.25928809999999997
2017-01-14 13:00:00,0.2545529
2017-01-14 14:00:00,0.2580247
2017-01-14 15:00:00,0.2595721
2017-01-14 16:00:00,0.2676005
2017-01-14 17:00:00,0.2693114
2017-01-14 18:00:00,0.2707796
2017-01-14 19:00:00,0.2739144
2017-01-14 20:00:00,0.2812149
2017-01-14 21:00:00,0.2814234
2017-01-14 22:00:00,0.283269
2017-01-14 23:00:00,0.2923856
2017-01-15 00:00:00,0.2927414
2017-01-15 01:00:00,0.2911354
2017-01-15 02:00:00,0.28864070000000003
2017-01-15 03:00:00,0.2843983
2017-01-15 04:00:00,0.29623120000000003
2017-01-15 05:00:00,0.2863479
2017-01-15 06:00:00,0.2878556
2017-01-15 07:00:00,0.2905493
2017-01-15 08:00:00,0.2912297
2017-01-15 09:00:00,0.2918461
2017-01-15 10:00:00,0.294481
2017-01-15 11:00:00,0.2947121
2017-01-15 12:00:00,0.312938
2017-01-15 13:00:00,0.322293
2017-01-15 14:00:00,0.32198509999999997
2017-01-15 15:00:00,0.32524030000000004
2017-01-15 16:00:00,0.306542
2017-01-15 17:00:00,0.31117249999999996
2017-01-15 18:00:00,0.3192436
2017-01-15 19:00:00,0.3236511
2017-01-15 20:00:00,0.3264828
2017-01-15 21:00:00,0.34387270000000003
2017-01-15 22:00:00,0.34510959999999996
2017-01-15 23:00:00,0.34783119999999995
2017-01-16 00:00:00,0.3465344
2017-01-16 01:00:00,0.34366410000000003
2017-01-16 02:00:00,0.3507368
2017-01-16 03:00:00,0.33704999999999996
2017-01-16 04:00:00,0.3514081
2017-01-16 05:00:00,0.3486371
2017-01-16 06:00:00,0.34745980000000004
2017-01-16 07:00:00,0.3612341
2017-01-16 08:00:00,0.3600972
2017-01-16 09:00:00,0.3551538
2017-01-16 10:00:00,0.339342
2017-01-16 11:00:00,0.317835
2017-01-16 12:00:00,0.2379871
2017-01-16 13:00:00,0.2493757
2017-01-16 14:00:00,0.2519408
2017-01-16 15:00:00,0.2514404
2017-01-16 16:00:00,0.2368873
2017-01-16 17:00:00,0.2370084
2017-01-16 18:00:00,0.2436018
2017-01-16 19:00:00,0.2399071
2017-01-16 20:00:00,0.2732873
2017-01-16 21:00:00,0.3212547
2017-01-16 22:00:00,0.3382692
2017-01-16 23:00:00,0.3514936
2017-01-17 00:00:00,0.3498024
2017-01-17 01:00:00,0.3092637
2017-01-17 02:00:00,0.29882539999999996
2017-01-17 03:00:00,0.29769249999999997
2017-01-17 04:00:00,0.3134597
2017-01-17 05:00:00,0.29630449999999997
2017-01-17 06:00:00,0.2929188
2017-01-17 07:00:00,0.3037739
2017-01-17 08:00:00,0.32898510000000003
2017-01-17 09:00:00,0.3266981
2017-01-17 10:00:00,0.32893459999999997
2017-01-17 11:00:00,0.2770838
2017-01-17 12:00:00,0.3245541
2017-01-17 13:00:00,0.3299165
2017-01-17 14:00:00,0.33457610000000004
2017-01-17 15:00:00,0.39673549999999996
2017-01-17 16:00:00,0.3986443
2017-01-17 17:00:00,0.3861084
2017-01-17 18:00:00,0.3829041
2017-01-17 19:00:00,0.4151321
2017-01-17 20:00:00,0.43500079999999997
2017-01-17 21:00:00,0.39604999999999996
2017-01-17 22:00:00,0.3935443
2017-01-17 23:00:00,0.3785461
2017-01-18 00:00:00,0.436798
2017-01-18 01:00:00,0.4428925
2017-01-18 02:00:00,0.4232494
2017-01-18 03:00:00,0.4544326
2017-01-18 04:00:00,0.46465029999999996
2017-01-18 05:00:00,0.47646639999999996
2017-01-18 06:00:00,0.4593566
2017-01-18 07:00:00,0.47163200000000005
2017-01-18 08:00:00,0.4444005
2017-01-18 09:00:00,0.4260462
2017-01-18 10:00:00,0.5001957
2017-01-18 11:00:00,0.4381407
2017-01-18 12:00:00,0.480963
2017-01-18 13:00:00,0.4826766
2017-01-18 14:00:00,0.4452144
2017-01-18 15:00:00,0.5120617
2017-01-18 16:00:00,0.4816087
2017-01-18 17:00:00,0.4907418
2017-01-18 18:00:00,0.47471589999999997
2017-01-18 19:00:00,0.4625898
2017-01-18 20:00:00,0.4729894
2017-01-18 21:00:00,0.4337904
2017-01-18 22:00:00,0.4272042
2017-01-18 23:00:00,0.43473239999999996
2017-01-19 00:00:00,0.4308594
2017-01-19 01:00:00,0.43894500000000003
2017-01-19 02:00:00,0.4183006
2017-01-19 03:00:00,0.4353834
2017-01-19 04:00:00,0.4586942
2017-01-19 05:00:00,0.4612373
2017-01-19 06:00:00,0.45517339999999995
2017-01-19 07:00:00,0.4690472
2017-01-19 08:00:00,0.4814542
2017-01-19 09:00:00,0.4877984
2017-01-19 10:00:00,0.456629
2017-01-19 11:00:00,0.4023434
2017-01-19 12:00:00,0.43531129999999996
2017-01-19 13:00:00,0.4420368
2017-01-19 14:00:00,0.3735212
2017-01-19 15:00:00,0.4092794
2017-01-19 16:00:00,0.41980110000000004
2017-01-19 17:00:00,0.3109942
2017-01-19 18:00:00,0.3002453
2017-01-19 19:00:00,0.3443875
2017-01-19 20:00:00,0.3621379
2017-01-19 21:00:00,0.40929560000000004
2017-01-19 22:00:00,0.3444777
2017-01-19 23:00:00,0.3677897
2017-01-20 00:00:00,0.4194608
2017-01-20 01:00:00,0.46702849999999996
2017-01-20 02:00:00,0.40958300000000003
2017-01-20 03:00:00,0.4367646
2017-01-20 04:00:00,0.4635324
2017-01-20 05:00:00,0.4351044
2017-01-20 06:00:00,0.4170666
2017-01-20 07:00:00,0.4427925
2017-01-20 08:00:00,0.41452449999999996
2017-01-20 09:00:00,0.42436599999999997
2017-01-20 10:00:00,0.4361756
2017-01-20 11:00:00,0.4207213
2017-01-20 12:00:00,0.3978575
2017-01-20 13:00:00,0.4142174
2017-01-20 14:00:00,0.5285658
2017-01-20 15:00:00,0.5957976
2017-01-20 16:00:00,0.4717293
2017-01-20 17:00:00,0.4228281
2017-01-20 18:00:00,0.4220535
2017-01-20 19:00:00,0.4246303
2017-01-20 20:00:00,0.45017359999999995
2017-01-20 21:00:00,0.47044620000000004
2017-01-20 22:00:00,0.47554250000000003
2017-01-20 23:00:00,0.4306249
2017-01-21 00:00:00,0.45499459999999997
2017-01-21 01:00:00,0.46777009999999997
2017-01-21 02:00:00,0.4659309
2017-01-21 03:00:00,0.4608735
2017-01-21 04:00:00,0.4638389
2017-01-21 05:00:00,0.5174
2017-01-21 06:00:00,0.5163242
2017-01-21 07:00:00,0.5286549
2017-01-21 08:00:00,0.5082361
2017-01-21 09:00:00,0.5229753
2017-01-21 10:00:00,0.46472450000000004
2017-01-21 11:00:00,0.43181010000000003
2017-01-21 12:00:00,0.4566756
2017-01-21 13:00:00,0.4528455
2017-01-21 14:00:00,0.5265916
2017-01-21 15:00:00,0.5105286
2017-01-21 16:00:00,0.4802273
2017-01-21 17:00:00,0.5191906000000001
2017-01-21 18:00:00,0.5245744
2017-01-21 19:00:00,0.5140667
2017-01-21 20:00:00,0.5280777
2017-01-21 21:00:00,0.4971282
2017-01-21 22:00:00,0.5000867
2017-01-21 23:00:00,0.5074949
2017-01-22 00:00:00,0.547442
2017-01-22 01:00:00,0.5029545
2017-01-22 02:00:00,0.5189029000000001
2017-01-22 03:00:00,0.4865373
2017-01-22 04:00:00,0.46412010000000004
2017-01-22 05:00:00,0.4666554
2017-01-22 06:00:00,0.44355759999999994
2017-01-22 07:00:00,0.47431809999999996
2017-01-22 08:00:00,0.5061778
2017-01-22 09:00:00,0.5161012
2017-01-22 10:00:00,0.5104103
2017-01-22 11:00:00,0.5453305
2017-01-22 12:00:00,0.5386372
2017-01-22 13:00:00,0.5021553999999999
2017-01-22 14:00:00,0.5216749
2017-01-22 15:00:00,0.5550051
2017-01-22 16:00:00,0.5465113
2017-01-22 17:00:00,0.5288789
2017-01-22 18:00:00,0.4983282
2017-01-22 19:00:00,0.5357201
2017-01-22 20:00:00,0.5244283
2017-01-22 21:00:00,0.5636442
2017-01-22 22:00:00,0.5298908
2017-01-22 23:00:00,0.4938288
2017-01-23 00:00:00,0.47249650000000004
2017-01-23 01:00:00,0.5350577
2017-01-23 02:00:00,0.5220586
2017-01-23 03:00:00,0.5334143
2017-01-23 04:00:00,0.5336273
2017-01-23 05:00:00,0.5367293
2017-01-23 06:00:00,0.5366807
2017-01-23 07:00:00,0.5295324
2017-01-23 08:00:00,0.4727366
2017-01-23 09:00:00,0.4837287
2017-01-23 10:00:00,0.467767
2017-01-23 11:00:00,0.508193
2017-01-23 12:00:00,0.5331545
2017-01-23 13:00:00,0.48319110000000004
2017-01-23 14:00:00,0.5067526
2017-01-23 15:00:00,0.4773698
2017-01-23 16:00:00,0.49289160000000004
2017-01-23 17:00:00,0.45771459999999997
2017-01-23 18:00:00,0.4678161
2017-01-23 19:00:00,0.4190237
2017-01-23 20:00:00,0.5414511000000001
2017-01-23 21:00:00,0.469133
2017-01-23 22:00:00,0.48751849999999997
2017-01-23 23:00:00,0.5297389
2017-01-24 00:00:00,0.4553407
2017-01-24 01:00:00,0.45271340000000004
2017-01-24 02:00:00,0.5016389
2017-01-24 03:00:00,0.4708625
2017-01-24 04:00:00,0.49803339999999996
2017-01-24 05:00:00,0.4512076
2017-01-24 06:00:00,0.5008235
2017-01-24 07:00:00,0.4287792
2017-01-24 08:00:00,0.4810848
2017-01-24 09:00:00,0.49613349999999995
2017-01-24 10:00:00,0.4568152
2017-01-24 11:00:00,0.4358733
2017-01-24 12:00:00,0.44020580000000004
2017-01-24 13:00:00,0.43132060000000005
2017-01-24 14:00:00,0.4016162
2017-01-24 15:00:00,0.41432630000000004
2017-01-24 16:00:00,0.4283882
2017-01-24 17:00:00,0.42933540000000003
2017-01-24 18:00:00,0.46847720000000004
2017-01-24 19:00:00,0.42494390000000004
2017-01-24 20:00:00,0.45730519999999997
2017-01-24 21:00:00,0.4435861
2017-01-24 22:00:00,0.4539049
2017-01-24 23:00:00,0.4374327
2017-01-25 00:00:00,0.4265068
2017-01-25 01:00:00,0.42418170000000005
2017-01-25 02:00:00,0.41625999999999996
2017-01-25 03:00:00,0.4604941
2017-01-25 04:00:00,0.4737455
2017-01-25 05:00:00,0.4495923
2017-01-25 06:00:00,0.4270711
2017-01-25 07:00:00,0.5010884
2017-01-25 08:00:00,0.4583026
2017-01-25 09:00:00,0.4909462
2017-01-25 10:00:00,0.45034460000000004
2017-01-25 11:00:00,0.46233409999999997
2017-01-25 12:00:00,0.4531868
2017-01-25 13:00:00,0.4619587
2017-01-25 14:00:00,0.44901850000000004
2017-01-25 15:00:00,0.4257414
2017-01-25 16:00:00,0.42875369999999996
2017-01-25 17:00:00,0.44028449999999997
2017-01-25 18:00:00,0.4417637
2017-01-25 19:00:00,0.45037889999999997
2017-01-25 20:00:00,0.49765590000000004
2017-01-25 21:00:00,0.4695187
2017-01-25 22:00:00,0.46560899999999994
2017-01-25 23:00:00,0.45946159999999997
2017-01-26 00:00:00,0.44047240000000004
2017-01-26 01:00:00,0.4692209
2017-01-26 02:00:00,0.4966686
2017-01-26 03:00:00,0.4812467
2017-01-26 04:00:00,0.4976487
2017-01-26 05:00:00,0.5130603
2017-01-26 06:00:00,0.5193808
2017-01-26 07:00:00,0.4989104
2017-01-26 08:00:00,0.4898825
2017-01-26 09:00:00,0.4388592
2017-01-26 10:00:00,0.4288299
2017-01-26 11:00:00,0.4260044
2017-01-26 12:00:00,0.4501267
2017-01-26 13:00:00,0.4453778
2017-01-26 14:00:00,0.39128219999999997
2017-01-26 15:00:00,0.3297772
2017-01-26 16:00:00,0.3904692
2017-01-26 17:00:00,0.5707553
2017-01-26 18:00:00,0.5487131000000001
2017-01-26 19:00:00,0.6769839000000001
2017-01-26 20:00:00,0.5432757
2017-01-26 21:00:00,0.4874356
2017-01-26 22:00:00,0.5023866
2017-01-26 23:00:00,0.49017710000000003
2017-01-27 00:00:00,0.5017683000000001
2017-01-27 01:00:00,0.509344
2017-01-27 02:00:00,0.49857280000000004
2017-01-27 03:00:00,0.4970178
2017-01-27 04:00:00,0.5035923
2017-01-27 05:00:00,0.48657429999999996
2017-01-27 06:00:00,0.5117061
2017-01-27 07:00:00,0.5220857
2017-01-27 08:00:00,0.49325969999999997
2017-01-27 09:00:00,0.4978223
2017-01-27 10:00:00,0.5001559
2017-01-27 11:00:00,0.4616762
2017-01-27 12:00:00,0.4323285
2017-01-27 13:00:00,0.4513115
2017-01-27 14:00:00,0.5061826
2017-01-27 15:00:00,0.4493984
2017-01-27 16:00:00,0.4998785
2017-01-27 17:00:00,0.3919614
2017-01-27 18:00:00,0.17072659999999998
2017-01-27 19:00:00,0.1831176
2017-01-27 20:00:00,0.1822327
2017-01-27 21:00:00,0.19822949999999998
2017-01-27 22:00:00,0.3133779
2017-01-27 23:00:00,0.2882862
2017-01-28 00:00:00,0.2902237
2017-01-28 01:00:00,0.2878399
2017-01-28 02:00:00,0.3006316
2017-01-28 03:00:00,0.2922188
2017-01-28 04:00:00,0.3057296
2017-01-28 05:00:00,0.316599
2017-01-28 06:00:00,0.32568959999999997
2017-01-28 07:00:00,0.3296025
2017-01-28 08:00:00,0.3237815
2017-01-28 09:00:00,0.3880872
2017-01-28 10:00:00,0.3763734
2017-01-28 11:00:00,0.3708108
2017-01-28 12:00:00,0.3789484
2017-01-28 13:00:00,0.3790166
2017-01-28 14:00:00,0.3751001
2017-01-28 15:00:00,0.4093028
2017-01-28 16:00:00,0.4319409
2017-01-28 17:00:00,0.4398413
2017-01-28 18:00:00,0.43133130000000003
2017-01-28 19:00:00,0.41802549999999994
2017-01-28 20:00:00,0.4333153
2017-01-28 21:00:00,0.4080921
2017-01-28 22:00:00,0.4082276
2017-01-28 23:00:00,0.3693761
2017-01-29 00:00:00,0.3808067
2017-01-29 01:00:00,0.37445860000000003
2017-01-29 02:00:00,0.38753360000000003
2017-01-29 03:00:00,0.40575380000000005
2017-01-29 04:00:00,0.3925096
2017-01-29 05:00:00,0.42498240000000004
2017-01-29 06:00:00,0.4105469
2017-01-29 07:00:00,0.44274610000000003
2017-01-29 08:00:00,0.43562069999999997
2017-01-29 09:00:00,0.44348170000000003
2017-01-29 10:00:00,0.4274285
2017-01-29 11:00:00,0.4371745
2017-01-29 12:00:00,0.4150815
2017-01-29 13:00:00,0.4183909
2017-01-29 14:00:00,0.47117559999999997
2017-01-29 15:00:00,0.4654844
2017-01-29 16:00:00,0.46978369999999997
2017-01-29 17:00:00,0.4690359
2017-01-29 18:00:00,0.45265869999999997
2017-01-29 19:00:00,0.4417566
2017-01-29 20:00:00,0.4163964
2017-01-29 21:00:00,0.3918257
2017-01-29 22:00:00,0.42181440000000003
2017-01-29 23:00:00,0.41250729999999997
2017-01-30 00:00:00,0.39692279999999996
2017-01-30 01:00:00,0.4027904
2017-01-30 02:00:00,0.4139673
2017-01-30 03:00:00,0.4062262
2017-01-30 04:00:00,0.361886
2017-01-30 05:00:00,0.3699848
2017-01-30 06:00:00,0.3742682
2017-01-30 07:00:00,0.36815489999999995
2017-01-30 08:00:00,0.3560316
2017-01-30 09:00:00,0.37010869999999996
2017-01-30 10:00:00,0.3829097
2017-01-30 11:00:00,0.3850223
2017-01-30 12:00:00,0.4101086
2017-01-30 13:00:00,0.5261568
2017-01-30 14:00:00,0.5075468
2017-01-30 15:00:00,0.4781978
2017-01-30 16:00:00,0.4748066
2017-01-30 17:00:00,0.48245780000000005
2017-01-30 18:00:00,0.4498075
2017-01-30 19:00:00,0.5250867
2017-01-30 20:00:00,0.6742943
2017-01-30 21:00:00,0.6593849
2017-01-30 22:00:00,0.6742206000000001
2017-01-30 23:00:00,0.6494942
