time,cpu
2017-01-01 00:00:00,0.13037100000000001
2017-01-01 01:00:00,0.1334204
2017-01-01 02:00:00,0.13148300000000002
2017-01-01 03:00:00,0.1308641
2017-01-01 04:00:00,0.1293597
2017-01-01 05:00:00,0.1303388
2017-01-01 06:00:00,0.1299446
2017-01-01 07:00:00,0.13143649999999998
2017-01-01 08:00:00,0.1310903
2017-01-01 09:00:00,0.13000230000000002
2017-01-01 10:00:00,0.1171984
2017-01-01 11:00:00,0.1242796
2017-01-01 12:00:00,0.1306952
2017-01-01 13:00:00,0.1309381
2017-01-01 14:00:00,0.13266450000000002
2017-01-01 15:00:00,0.1315967
2017-01-01 16:00:00,0.130349
2017-01-01 17:00:00,0.1351422
2017-01-01 18:00:00,0.1362011
2017-01-01 19:00:00,0.1287572
2017-01-01 20:00:00,0.1287712
2017-01-01 21:00:00,0.1278319
2017-01-01 22:00:00,0.127939
2017-01-01 23:00:00,0.1278417
2017-01-02 00:00:00,0.1290362
2017-01-02 01:00:00,0.1281979
2017-01-02 02:00:00,0.1284517
2017-01-02 03:00:00,0.12924670000000002
2017-01-02 04:00:00,0.128961
2017-01-02 05:00:00,0.1304633
2017-01-02 06:00:00,0.1290094
2017-01-02 07:00:00,0.1295735
2017-01-02 08:00:00,0.1291551
2017-01-02 09:00:00,0.1292946
2017-01-02 10:00:00,0.1295894
2017-01-02 11:00:00,0.1288637
2017-01-02 12:00:00,0.13033720000000001
2017-01-02 13:00:00,0.11696870000000001
2017-01-02 14:00:00,0.1271235
2017-01-02 15:00:00,0.129542
2017-01-02 16:00:00,0.1299716
2017-01-02 17:00:00,0.1307217
2017-01-02 18:00:00,0.1322756
2017-01-02 19:00:00,0.132238
2017-01-02 20:00:00,0.1330344
2017-01-02 21:00:00,0.13021190000000002
2017-01-02 22:00:00,0.13102629999999998
2017-01-02 23:00:00,0.1310798
2017-01-03 00:00:00,0.1291656
2017-01-03 01:00:00,0.12917389999999998
2017-01-03 02:00:00,0.13012959999999998
2017-01-03 03:00:00,0.1305414
2017-01-03 04:00:00,0.1304609
2017-01-03 05:00:00,0.129854
2017-01-03 06:00:00,0.1300442
2017-01-03 07:00:00,0.1297762
2017-01-03 08:00:00,0.1305789
2017-01-03 09:00:00,0.1308136
2017-01-03 10:00:00,0.133299
2017-01-03 11:00:00,0.1308975
2017-01-03 12:00:00,0.13206569999999998
2017-01-03 13:00:00,0.1319417
2017-01-03 14:00:00,0.13056979999999999
2017-01-03 15:00:00,0.1171076
2017-01-03 16:00:00,0.13190860000000001
2017-01-03 17:00:00,0.1315906
2017-01-03 18:00:00,0.13192489999999998
2017-01-03 19:00:00,0.1336367
2017-01-03 20:00:00,0.1330503
2017-01-03 21:00:00,0.1341962
2017-01-03 22:00:00,0.1308729
2017-01-03 23:00:00,0.1308396
2017-01-04 00:00:00,0.1314512
2017-01-04 01:00:00,0.1311299
2017-01-04 02:00:00,0.1310015
2017-01-04 03:00:00,0.1309245
2017-01-04 04:00:00,0.1311496
2017-01-04 05:00:00,0.1332194
2017-01-04 06:00:00,0.1307697
2017-01-04 07:00:00,0.132249
2017-01-04 08:00:00,0.13542759999999998
2017-01-04 09:00:00,0.133625
2017-01-04 10:00:00,0.13357549999999999
2017-01-04 11:00:00,0.1355222
2017-01-04 12:00:00,0.1315527
2017-01-04 13:00:00,0.1305047
2017-01-04 14:00:00,0.1307877
2017-01-04 15:00:00,0.1403763
2017-01-04 16:00:00,0.1275174
2017-01-04 17:00:00,0.1319823
2017-01-04 18:00:00,0.13610239999999998
2017-01-04 19:00:00,0.13630520000000002
2017-01-04 20:00:00,0.1352515
2017-01-04 21:00:00,0.134557
2017-01-04 22:00:00,0.1358044
2017-01-04 23:00:00,0.1338606
2017-01-05 00:00:00,0.13426090000000002
2017-01-05 01:00:00,0.1325102
2017-01-05 02:00:00,0.1340141
2017-01-05 03:00:00,0.1350499
2017-01-05 04:00:00,0.1332669
2017-01-05 05:00:00,0.13097419999999999
2017-01-05 06:00:00,0.1339598
2017-01-05 07:00:00,0.1370353
2017-01-05 08:00:00,0.1375258
2017-01-05 09:00:00,0.133614
2017-01-05 10:00:00,0.1330486
2017-01-05 11:00:00,0.1319368
2017-01-05 12:00:00,0.1291767
2017-01-05 13:00:00,0.1296787
2017-01-05 14:00:00,0.1308987
2017-01-05 15:00:00,0.1303828
2017-01-05 16:00:00,0.12147069999999999
2017-01-05 17:00:00,0.12959500000000002
2017-01-05 18:00:00,0.1325227
2017-01-05 19:00:00,0.141077
2017-01-05 20:00:00,0.1332639
2017-01-05 21:00:00,0.134019
2017-01-05 22:00:00,0.13625600000000002
2017-01-05 23:00:00,0.1393443
2017-01-06 00:00:00,0.1337263
2017-01-06 01:00:00,0.1328335
2017-01-06 02:00:00,0.1331718
2017-01-06 03:00:00,0.1288331
2017-01-06 04:00:00,0.1318778
2017-01-06 05:00:00,0.1321125
2017-01-06 06:00:00,0.1325448
2017-01-06 07:00:00,0.13507529999999998
2017-01-06 08:00:00,0.1358056
2017-01-06 09:00:00,0.13760260000000002
2017-01-06 10:00:00,0.1368876
2017-01-06 11:00:00,0.1316536
2017-01-06 12:00:00,0.1334775
2017-01-06 13:00:00,0.1306551
2017-01-06 14:00:00,0.13184110000000002
2017-01-06 15:00:00,0.13100889999999998
2017-01-06 16:00:00,0.113902
2017-01-06 17:00:00,0.12999750000000002
2017-01-06 18:00:00,0.1330603
2017-01-06 19:00:00,0.1318845
2017-01-06 20:00:00,0.1315647
2017-01-06 21:00:00,0.1305269
2017-01-06 22:00:00,0.1309798
2017-01-06 23:00:00,0.13168570000000002
2017-01-07 00:00:00,0.1378026
2017-01-07 01:00:00,0.1380319
2017-01-07 02:00:00,0.1320199
2017-01-07 03:00:00,0.1303898
2017-01-07 04:00:00,0.1279479
2017-01-07 05:00:00,0.1301799
2017-01-07 06:00:00,0.13011620000000002
2017-01-07 07:00:00,0.1301881
2017-01-07 08:00:00,0.1316471
2017-01-07 09:00:00,0.1328814
2017-01-07 10:00:00,0.13579650000000001
2017-01-07 11:00:00,0.13390459999999998
2017-01-07 12:00:00,0.13422879999999998
2017-01-07 13:00:00,0.1344142
2017-01-07 14:00:00,0.1343501
2017-01-07 15:00:00,0.11669589999999999
2017-01-07 16:00:00,0.13664880000000001
2017-01-07 17:00:00,0.132547
2017-01-07 18:00:00,0.1351174
2017-01-07 19:00:00,0.1350623
2017-01-07 20:00:00,0.13467079999999998
2017-01-07 21:00:00,0.1348375
2017-01-07 22:00:00,0.1345777
2017-01-07 23:00:00,0.1360268
2017-01-08 00:00:00,0.1367841
2017-01-08 01:00:00,0.1362957
2017-01-08 02:00:00,0.1400205
2017-01-08 03:00:00,0.1415814
2017-01-08 04:00:00,0.13349740000000002
2017-01-08 05:00:00,0.1363142
2017-01-08 06:00:00,0.1315115
2017-01-08 07:00:00,0.1334105
2017-01-08 08:00:00,0.13456279999999998
2017-01-08 09:00:00,0.1398277
2017-01-08 10:00:00,0.14036590000000002
2017-01-08 11:00:00,0.13924820000000002
2017-01-08 12:00:00,0.1395362
2017-01-08 13:00:00,0.1214817
2017-01-08 14:00:00,0.1299936
2017-01-08 15:00:00,0.1310252
2017-01-08 16:00:00,0.13458
2017-01-08 17:00:00,0.13326380000000002
2017-01-08 18:00:00,0.1326771
2017-01-08 19:00:00,0.1333756
2017-01-08 20:00:00,0.13197430000000002
2017-01-08 21:00:00,0.129858
2017-01-08 22:00:00,0.1302589
2017-01-08 23:00:00,0.1333827
2017-01-09 00:00:00,0.1332256
2017-01-09 01:00:00,0.1328163
2017-01-09 02:00:00,0.1322376
2017-01-09 03:00:00,0.13286009999999998
2017-01-09 04:00:00,0.1373676
2017-01-09 05:00:00,0.13313650000000002
2017-01-09 06:00:00,0.1330094
2017-01-09 07:00:00,0.1330319
2017-01-09 08:00:00,0.13331099999999999
2017-01-09 09:00:00,0.1331636
2017-01-09 10:00:00,0.13078120000000001
2017-01-09 11:00:00,0.1171509
2017-01-09 12:00:00,0.1351979
2017-01-09 13:00:00,0.1357854
2017-01-09 14:00:00,0.13643280000000002
2017-01-09 15:00:00,0.1359775
2017-01-09 16:00:00,0.13313439999999999
2017-01-09 17:00:00,0.13341
2017-01-09 18:00:00,0.13449339999999999
2017-01-09 19:00:00,0.1350962
2017-01-09 20:00:00,0.1340296
2017-01-09 21:00:00,0.1327572
2017-01-09 22:00:00,0.1331462
2017-01-09 23:00:00,0.1325611
2017-01-10 00:00:00,0.1332195
2017-01-10 01:00:00,0.1337376
2017-01-10 02:00:00,0.133347
2017-01-10 03:00:00,0.1330357
2017-01-10 04:00:00,0.1354834
2017-01-10 05:00:00,0.138659
2017-01-10 06:00:00,0.1396383
2017-01-10 07:00:00,0.1313345
2017-01-10 08:00:00,0.12117549999999999
2017-01-10 09:00:00,0.1381494
2017-01-10 10:00:00,0.1376004
2017-01-10 11:00:00,0.13646250000000001
2017-01-10 12:00:00,0.1376252
2017-01-10 13:00:00,0.13728579999999999
2017-01-10 14:00:00,0.13768370000000002
2017-01-10 15:00:00,0.137302
2017-01-10 16:00:00,0.13686790000000001
2017-01-10 17:00:00,0.13921799999999998
2017-01-10 18:00:00,0.13727309999999998
2017-01-10 19:00:00,0.1392088
2017-01-10 20:00:00,0.1368142
2017-01-10 21:00:00,0.1363293
2017-01-10 22:00:00,0.1376259
2017-01-10 23:00:00,0.1424761
2017-01-11 00:00:00,0.137511
2017-01-11 01:00:00,0.1377966
2017-01-11 02:00:00,0.1385505
2017-01-11 03:00:00,0.1366925
2017-01-11 04:00:00,0.12327540000000001
2017-01-11 05:00:00,0.135374
2017-01-11 06:00:00,0.1385444
2017-01-11 07:00:00,0.1361245
2017-01-11 08:00:00,0.13612970000000002
2017-01-11 09:00:00,0.13618449999999999
2017-01-11 10:00:00,0.1354503
2017-01-11 11:00:00,0.1370482
2017-01-11 12:00:00,0.1419878
2017-01-11 13:00:00,0.1367562
2017-01-11 14:00:00,0.13878479999999999
2017-01-11 15:00:00,0.1373049
2017-01-11 16:00:00,0.135234
2017-01-11 17:00:00,0.1358225
2017-01-11 18:00:00,0.1380241
2017-01-11 19:00:00,0.1359921
2017-01-11 20:00:00,0.1383198
2017-01-11 21:00:00,0.13885630000000002
2017-01-11 22:00:00,0.1353983
2017-01-11 23:00:00,0.1364654
2017-01-12 00:00:00,0.11483560000000001
2017-01-12 01:00:00,0.1384343
2017-01-12 02:00:00,0.1357902
2017-01-12 03:00:00,0.1348365
2017-01-12 04:00:00,0.13822990000000002
2017-01-12 05:00:00,0.14146
2017-01-12 06:00:00,0.1425283
2017-01-12 07:00:00,0.1379358
2017-01-12 08:00:00,0.1370379
2017-01-12 09:00:00,0.1393074
2017-01-12 10:00:00,0.1393654
2017-01-12 11:00:00,0.1370392
2017-01-12 12:00:00,0.1384085
2017-01-12 13:00:00,0.1403954
2017-01-12 14:00:00,0.13681200000000002
2017-01-12 15:00:00,0.1402647
2017-01-12 16:00:00,0.139034
2017-01-12 17:00:00,0.1396765
2017-01-12 18:00:00,0.1429381
2017-01-12 19:00:00,0.1248206
2017-01-12 20:00:00,0.1325543
2017-01-12 21:00:00,0.139919
2017-01-12 22:00:00,0.14254160000000002
2017-01-12 23:00:00,0.1391389
2017-01-13 00:00:00,0.1369629
2017-01-13 01:00:00,0.13715460000000002
2017-01-13 02:00:00,0.1416073
2017-01-13 03:00:00,0.1399114
2017-01-13 04:00:00,0.1393261
2017-01-13 05:00:00,0.1383933
2017-01-13 06:00:00,0.1415905
2017-01-13 07:00:00,0.1399536
2017-01-13 08:00:00,0.1394298
2017-01-13 09:00:00,0.1387682
2017-01-13 10:00:00,0.1391603
2017-01-13 11:00:00,0.1385346
2017-01-13 12:00:00,0.13968239999999998
2017-01-13 13:00:00,0.1387638
2017-01-13 14:00:00,0.13521280000000002
2017-01-13 15:00:00,0.1224703
2017-01-13 16:00:00,0.13748
2017-01-13 17:00:00,0.13792870000000002
2017-01-13 18:00:00,0.1397246
2017-01-13 19:00:00,0.1384627
2017-01-13 20:00:00,0.1399915
2017-01-13 21:00:00,0.1383487
2017-01-13 22:00:00,0.1383201
2017-01-13 23:00:00,0.1382897
2017-01-14 00:00:00,0.14013799999999998
2017-01-14 01:00:00,0.1398014
2017-01-14 02:00:00,0.1452337
2017-01-14 03:00:00,0.1399632
2017-01-14 04:00:00,0.14007529999999999
2017-01-14 05:00:00,0.1418242
2017-01-14 06:00:00,0.14205579999999998
2017-01-14 07:00:00,0.1401732
2017-01-14 08:00:00,0.1413894
2017-01-14 09:00:00,0.1257029
2017-01-14 10:00:00,0.1323499
2017-01-14 11:00:00,0.1397939
2017-01-14 12:00:00,0.1404869
2017-01-14 13:00:00,0.1405639
2017-01-14 14:00:00,0.1403771
2017-01-14 15:00:00,0.14092090000000002
2017-01-14 16:00:00,0.1443148
2017-01-14 17:00:00,0.142293
2017-01-14 18:00:00,0.1402878
2017-01-14 19:00:00,0.1436758
2017-01-14 20:00:00,0.14199130000000001
2017-01-14 21:00:00,0.141173
2017-01-14 22:00:00,0.1397577
2017-01-14 23:00:00,0.14527990000000002
2017-01-15 00:00:00,0.14189
2017-01-15 01:00:00,0.1414298
2017-01-15 02:00:00,0.1420926
2017-01-15 03:00:00,0.1329482
2017-01-15 04:00:00,0.12517699999999998
2017-01-15 05:00:00,0.1447029
2017-01-15 06:00:00,0.13938029999999998
2017-01-15 07:00:00,0.1443126
2017-01-15 08:00:00,0.1430527
2017-01-15 09:00:00,0.1435022
2017-01-15 10:00:00,0.1426761
2017-01-15 11:00:00,0.1423033
2017-01-15 12:00:00,0.1430076
2017-01-15 13:00:00,0.1432459
2017-01-15 14:00:00,0.1414022
2017-01-15 15:00:00,0.1461317
2017-01-15 16:00:00,0.1448739
2017-01-15 17:00:00,0.14467639999999998
2017-01-15 18:00:00,0.1468245
2017-01-15 19:00:00,0.14198650000000002
2017-01-15 20:00:00,0.14316689999999999
2017-01-15 21:00:00,0.1315576
2017-01-15 22:00:00,0.1298854
2017-01-15 23:00:00,0.1406107
2017-01-16 00:00:00,0.1443577
2017-01-16 01:00:00,0.14323650000000002
2017-01-16 02:00:00,0.1405691
2017-01-16 03:00:00,0.1393596
2017-01-16 04:00:00,0.1418556
2017-01-16 05:00:00,0.1429036
2017-01-16 06:00:00,0.1399689
2017-01-16 07:00:00,0.1357826
2017-01-16 08:00:00,0.1397121
2017-01-16 09:00:00,0.1435484
2017-01-16 10:00:00,0.14405089999999998
2017-01-16 11:00:00,0.1395207
2017-01-16 12:00:00,0.1406848
2017-01-16 13:00:00,0.1408421
2017-01-16 14:00:00,0.13948460000000001
2017-01-16 15:00:00,0.1146086
2017-01-16 16:00:00,0.1399161
2017-01-16 17:00:00,0.1381237
2017-01-16 18:00:00,0.1386109
2017-01-16 19:00:00,0.1400324
2017-01-16 20:00:00,0.1383031
2017-01-16 21:00:00,0.1387489
2017-01-16 22:00:00,0.1395671
2017-01-16 23:00:00,0.1406721
2017-01-17 00:00:00,0.1399944
2017-01-17 01:00:00,0.1394482
2017-01-17 02:00:00,0.1394172
2017-01-17 03:00:00,0.139824
2017-01-17 04:00:00,0.1398403
2017-01-17 05:00:00,0.1396448
2017-01-17 06:00:00,0.1397392
2017-01-17 07:00:00,0.13924609999999998
2017-01-17 08:00:00,0.11859819999999999
2017-01-17 09:00:00,0.139692
2017-01-17 10:00:00,0.1421397
2017-01-17 11:00:00,0.1405926
2017-01-17 12:00:00,0.1427928
2017-01-17 13:00:00,0.1477881
2017-01-17 14:00:00,0.14754910000000002
2017-01-17 15:00:00,0.147735
2017-01-17 16:00:00,0.1453736
2017-01-17 17:00:00,0.1406799
2017-01-17 18:00:00,0.1449588
2017-01-17 19:00:00,0.1430931
2017-01-17 20:00:00,0.1435524
2017-01-17 21:00:00,0.1415906
2017-01-17 22:00:00,0.1379582
2017-01-17 23:00:00,0.1381491
2017-01-18 00:00:00,0.1379396
2017-01-18 01:00:00,0.11723089999999999
2017-01-18 02:00:00,0.1391983
2017-01-18 03:00:00,0.1424089
2017-01-18 04:00:00,0.1426408
2017-01-18 05:00:00,0.1470751
2017-01-18 06:00:00,0.14531180000000002
2017-01-18 07:00:00,0.14161490000000002
2017-01-18 08:00:00,0.1420299
2017-01-18 09:00:00,0.1471471
2017-01-18 10:00:00,0.1455816
2017-01-18 11:00:00,0.1443945
2017-01-18 12:00:00,0.14119859999999998
2017-01-18 13:00:00,0.1405835
2017-01-18 14:00:00,0.1445447
2017-01-18 15:00:00,0.1447193
2017-01-18 16:00:00,0.1425392
2017-01-18 17:00:00,0.1337074
2017-01-18 18:00:00,0.1281591
2017-01-18 19:00:00,0.1463373
2017-01-18 20:00:00,0.1407741
2017-01-18 21:00:00,0.1423201
2017-01-18 22:00:00,0.1409724
2017-01-18 23:00:00,0.1412419
2017-01-19 00:00:00,0.1399137
2017-01-19 01:00:00,0.1400823
2017-01-19 02:00:00,0.1455128
2017-01-19 03:00:00,0.1418815
2017-01-19 04:00:00,0.14335599999999998
2017-01-19 05:00:00,0.1440315
2017-01-19 06:00:00,0.1410592
2017-01-19 07:00:00,0.14293699999999998
2017-01-19 08:00:00,0.1395212
2017-01-19 09:00:00,0.14292749999999999
2017-01-19 10:00:00,0.11876329999999999
2017-01-19 11:00:00,0.1400665
2017-01-19 12:00:00,0.1455617
2017-01-19 13:00:00,0.1415827
2017-01-19 14:00:00,0.1408646
2017-01-19 15:00:00,0.1452775
2017-01-19 16:00:00,0.1455039
2017-01-19 17:00:00,0.1421424
2017-01-19 18:00:00,0.1409166
2017-01-19 19:00:00,0.1453872
2017-01-19 20:00:00,0.1433321
2017-01-19 21:00:00,0.1402766
2017-01-19 22:00:00,0.1408314
2017-01-19 23:00:00,0.1401519
2017-01-20 00:00:00,0.1388422
2017-01-20 01:00:00,0.1435701
2017-01-20 02:00:00,0.1153154
2017-01-20 03:00:00,0.14322469999999998
2017-01-20 04:00:00,0.1405583
2017-01-20 05:00:00,0.1450614
2017-01-20 06:00:00,0.1421131
2017-01-20 07:00:00,0.1417922
2017-01-20 08:00:00,0.1416417
2017-01-20 09:00:00,0.1445345
2017-01-20 10:00:00,0.1444232
2017-01-20 11:00:00,0.1422309
2017-01-20 12:00:00,0.1421046
2017-01-20 13:00:00,0.144721
2017-01-20 14:00:00,0.1444526
2017-01-20 15:00:00,0.1445179
2017-01-20 16:00:00,0.15201
2017-01-20 17:00:00,0.1430258
2017-01-20 18:00:00,0.1160787
2017-01-20 19:00:00,0.1410507
2017-01-20 20:00:00,0.1428312
2017-01-20 21:00:00,0.1469647
2017-01-20 22:00:00,0.1423609
2017-01-20 23:00:00,0.1488492
2017-01-21 00:00:00,0.1427388
2017-01-21 01:00:00,0.1416419
2017-01-21 02:00:00,0.1418734
2017-01-21 03:00:00,0.1423544
2017-01-21 04:00:00,0.14370739999999999
2017-01-21 05:00:00,0.14546599999999998
2017-01-21 06:00:00,0.1431408
2017-01-21 07:00:00,0.1422916
2017-01-21 08:00:00,0.1463424
2017-01-21 09:00:00,0.1424347
2017-01-21 10:00:00,0.11813069999999999
2017-01-21 11:00:00,0.1395086
2017-01-21 12:00:00,0.1423258
2017-01-21 13:00:00,0.1436842
2017-01-21 14:00:00,0.1422755
2017-01-21 15:00:00,0.1400558
2017-01-21 16:00:00,0.1441661
2017-01-21 17:00:00,0.1424316
2017-01-21 18:00:00,0.1484364
2017-01-21 19:00:00,0.1450997
2017-01-21 20:00:00,0.1429495
2017-01-21 21:00:00,0.1461889
2017-01-21 22:00:00,0.1428937
2017-01-21 23:00:00,0.1420275
2017-01-22 00:00:00,0.14273339999999998
2017-01-22 01:00:00,0.14229229999999998
2017-01-22 02:00:00,0.1179704
2017-01-22 03:00:00,0.140147
2017-01-22 04:00:00,0.1427834
2017-01-22 05:00:00,0.14618230000000002
2017-01-22 06:00:00,0.1429594
2017-01-22 07:00:00,0.1429588
2017-01-22 08:00:00,0.1429338
2017-01-22 09:00:00,0.1431474
2017-01-22 10:00:00,0.142736
2017-01-22 11:00:00,0.1431908
2017-01-22 12:00:00,0.1433211
2017-01-22 13:00:00,0.14366099999999998
2017-01-22 14:00:00,0.142847
2017-01-22 15:00:00,0.1424973
2017-01-22 16:00:00,0.1437506
2017-01-22 17:00:00,0.1413705
2017-01-22 18:00:00,0.1280365
2017-01-22 19:00:00,0.1485375
2017-01-22 20:00:00,0.1462282
2017-01-22 21:00:00,0.1439739
2017-01-22 22:00:00,0.142486
2017-01-22 23:00:00,0.1423587
2017-01-23 00:00:00,0.14474130000000002
2017-01-23 01:00:00,0.14551740000000002
2017-01-23 02:00:00,0.1431183
2017-01-23 03:00:00,0.145523
2017-01-23 04:00:00,0.1420431
2017-01-23 05:00:00,0.1423924
2017-01-23 06:00:00,0.1458003
2017-01-23 07:00:00,0.1435626
2017-01-23 08:00:00,0.14366289999999998
2017-01-23 09:00:00,0.1158096
2017-01-23 10:00:00,0.1459261
2017-01-23 11:00:00,0.1428037
2017-01-23 12:00:00,0.1450664
2017-01-23 13:00:00,0.14395619999999998
2017-01-23 14:00:00,0.1443644
2017-01-23 15:00:00,0.1474859
2017-01-23 16:00:00,0.1468957
2017-01-23 17:00:00,0.1493527
2017-01-23 18:00:00,0.15030290000000002
2017-01-23 19:00:00,0.14825760000000002
2017-01-23 20:00:00,0.1501228
2017-01-23 21:00:00,0.1524895
2017-01-23 22:00:00,0.14966279999999998
2017-01-23 23:00:00,0.1445647
2017-01-24 00:00:00,0.1199526
2017-01-24 01:00:00,0.1416952
2017-01-24 02:00:00,0.1435351
2017-01-24 03:00:00,0.1484238
2017-01-24 04:00:00,0.1460184
2017-01-24 05:00:00,0.1437417
2017-01-24 06:00:00,0.143926
2017-01-24 07:00:00,0.14371330000000002
2017-01-24 08:00:00,0.14442539999999998
2017-01-24 09:00:00,0.1444122
2017-01-24 10:00:00,0.1448669
2017-01-24 11:00:00,0.1453343
2017-01-24 12:00:00,0.14815009999999998
2017-01-24 13:00:00,0.1482162
2017-01-24 14:00:00,0.1450987
2017-01-24 15:00:00,0.11713
2017-01-24 16:00:00,0.1440175
2017-01-24 17:00:00,0.1469176
2017-01-24 18:00:00,0.1439319
2017-01-24 19:00:00,0.1458915
2017-01-24 20:00:00,0.1437258
2017-01-24 21:00:00,0.1436689
2017-01-24 22:00:00,0.14716279999999998
2017-01-24 23:00:00,0.1449843
2017-01-25 00:00:00,0.1449028
2017-01-25 01:00:00,0.144047
2017-01-25 02:00:00,0.143767
2017-01-25 03:00:00,0.1447069
2017-01-25 04:00:00,0.150865
2017-01-25 05:00:00,0.1397154
2017-01-25 06:00:00,0.12507469999999998
2017-01-25 07:00:00,0.1476633
2017-01-25 08:00:00,0.1444318
2017-01-25 09:00:00,0.1420043
2017-01-25 10:00:00,0.14447179999999998
2017-01-25 11:00:00,0.1425774
2017-01-25 12:00:00,0.1439161
2017-01-25 13:00:00,0.14684160000000002
2017-01-25 14:00:00,0.1473537
2017-01-25 15:00:00,0.1478571
2017-01-25 16:00:00,0.1505876
2017-01-25 17:00:00,0.1467811
2017-01-25 18:00:00,0.1477634
2017-01-25 19:00:00,0.1477184
2017-01-25 20:00:00,0.1245443
2017-01-25 21:00:00,0.1400748
2017-01-25 22:00:00,0.1490069
2017-01-25 23:00:00,0.1472838
2017-01-26 00:00:00,0.1454918
2017-01-26 01:00:00,0.14585599999999999
2017-01-26 02:00:00,0.1481171
2017-01-26 03:00:00,0.1470534
2017-01-26 04:00:00,0.1452443
2017-01-26 05:00:00,0.1452096
2017-01-26 06:00:00,0.1450216
2017-01-26 07:00:00,0.1463804
2017-01-26 08:00:00,0.144829
2017-01-26 09:00:00,0.1465117
2017-01-26 10:00:00,0.1326894
2017-01-26 11:00:00,0.12555360000000002
2017-01-26 12:00:00,0.1437858
2017-01-26 13:00:00,0.1453787
2017-01-26 14:00:00,0.1444937
2017-01-26 15:00:00,0.1482204
2017-01-26 16:00:00,0.1461226
2017-01-26 17:00:00,0.1480443
2017-01-26 18:00:00,0.1456639
2017-01-26 19:00:00,0.1451896
2017-01-26 20:00:00,0.14349320000000002
2017-01-26 21:00:00,0.1422441
2017-01-26 22:00:00,0.1454552
2017-01-26 23:00:00,0.1460081
2017-01-27 00:00:00,0.141156
2017-01-27 01:00:00,0.1198166
2017-01-27 02:00:00,0.1445832
2017-01-27 03:00:00,0.1455579
2017-01-27 04:00:00,0.1483856
2017-01-27 05:00:00,0.1453113
2017-01-27 06:00:00,0.15074769999999998
2017-01-27 07:00:00,0.143129
2017-01-27 08:00:00,0.145475
2017-01-27 09:00:00,0.14981540000000002
2017-01-27 10:00:00,0.1479485
2017-01-27 11:00:00,0.14496119999999998
2017-01-27 12:00:00,0.1445383
2017-01-27 13:00:00,0.143979
2017-01-27 14:00:00,0.1364552
2017-01-27 15:00:00,0.123484
2017-01-27 16:00:00,0.1528497
2017-01-27 17:00:00,0.1477978
2017-01-27 18:00:00,0.14656639999999999
2017-01-27 19:00:00,0.1472167
2017-01-27 20:00:00,0.1490587
2017-01-27 21:00:00,0.1469386
2017-01-27 22:00:00,0.1486736
2017-01-27 23:00:00,0.1469861
2017-01-28 00:00:00,0.14511390000000002
2017-01-28 01:00:00,0.1487906
2017-01-28 02:00:00,0.150565
2017-01-28 03:00:00,0.150675
2017-01-28 04:00:00,0.1384771
2017-01-28 05:00:00,0.1284129
2017-01-28 06:00:00,0.14834519999999998
2017-01-28 07:00:00,0.14814870000000002
2017-01-28 08:00:00,0.1507367
2017-01-28 09:00:00,0.14863569999999998
2017-01-28 10:00:00,0.1496114
2017-01-28 11:00:00,0.14870250000000002
2017-01-28 12:00:00,0.14883649999999998
2017-01-28 13:00:00,0.1482485
2017-01-28 14:00:00,0.1508445
2017-01-28 15:00:00,0.1491827
2017-01-28 16:00:00,0.1508361
2017-01-28 17:00:00,0.1543373
2017-01-28 18:00:00,0.1358915
2017-01-28 19:00:00,0.1344002
2017-01-28 20:00:00,0.139474
2017-01-28 21:00:00,0.14450469999999999
2017-01-28 22:00:00,0.1498468
2017-01-28 23:00:00,0.1490102
2017-01-29 00:00:00,0.1513604
2017-01-29 01:00:00,0.1520162
2017-01-29 02:00:00,0.1547139
2017-01-29 03:00:00,0.1507197
2017-01-29 04:00:00,0.1530723
2017-01-29 05:00:00,0.15250550000000002
2017-01-29 06:00:00,0.1540847
2017-01-29 07:00:00,0.1551828
2017-01-29 08:00:00,0.1294837
2017-01-29 09:00:00,0.1495043
2017-01-29 10:00:00,0.15185579999999999
2017-01-29 11:00:00,0.15133
2017-01-29 12:00:00,0.150463
2017-01-29 13:00:00,0.1479347
2017-01-29 14:00:00,0.1498437
2017-01-29 15:00:00,0.1495783
2017-01-29 16:00:00,0.1499774
2017-01-29 17:00:00,0.1498334
2017-01-29 18:00:00,0.1492628
2017-01-29 19:00:00,0.1507644
2017-01-29 20:00:00,0.1538188
2017-01-29 21:00:00,0.1383205
2017-01-29 22:00:00,0.11378579999999999
2017-01-29 23:00:00,0.14416980000000001
2017-01-30 00:00:00,0.1494584
2017-01-30 01:00:00,0.1489546
2017-01-30 02:00:00,0.15074310000000002
2017-01-30 03:00:00,0.1493835
2017-01-30 04:00:00,0.1493878
2017-01-30 05:00:00,0.1487426
2017-01-30 06:00:00,0.1481864
2017-01-30 07:00:00,0.1491987
2017-01-30 08:00:00,0.153159
2017-01-30 09:00:00,0.15005290000000002
2017-01-30 10:00:00,0.14912979999999998
2017-01-30 11:00:00,0.11866170000000001
2017-01-30 12:00:00,0.1501786
2017-01-30 13:00:00,0.1499589
2017-01-30 14:00:00,0.1503678
2017-01-30 15:00:00,0.1503254
2017-01-30 16:00:00,0.1518747
2017-01-30 17:00:00,0.15657500000000002
2017-01-30 18:00:00,0.15835670000000002
2017-01-30 19:00:00,0.1495017
2017-01-30 20:00:00,0.1494093
2017-01-30 21:00:00,0.1494416
2017-01-30 22:00:00,0.14978360000000002
2017-01-30 23:00:00,0.1516866
